ant_id,x,y
11,"[ 3.95928696e-01  3.32342278e-01  3.24932581e-01  3.06466840e-01
  2.90326264e-01  2.73164250e-01  2.56719577e-01  1.79425004e-01
  2.40313808e-01  1.55800375e-01  1.30225465e-01  1.27228193e-01
  1.09757926e-01  1.72594880e-02  1.85006479e-02  9.17026098e-02
  4.41761912e-02 -2.55708122e-02 -1.04360115e-02  3.11327428e-02
  4.19774787e-02  3.55639093e-02  4.59257491e-02  6.96681775e-03
 -1.80576479e-02 -1.56796530e-01 -3.14985802e-01 -3.64493039e-01
 -3.06414570e-01 -6.05415510e-01 -5.91258014e-01 -6.64426406e-01
 -6.71658326e-01 -6.01155279e-01 -6.24340240e-01 -5.49404261e-01
 -5.75092580e-01 -2.83453717e-01 -2.78350169e-01 -2.38862254e-01
 -2.59289730e-01 -1.29088549e-01 -1.52781022e-01 -2.34551748e-01
 -2.28108956e-01 -1.83684416e-01 -1.94317250e-01 -1.82718924e-01
 -2.26067372e-01 -1.74495636e-01 -2.68951938e-01 -2.07558332e-01
 -2.67008574e-01 -2.39203073e-01 -2.61913308e-01 -1.74484526e-01
 -3.42432442e-01 -2.62113906e-01 -2.59088330e-01 -3.40267787e-01
 -3.31678084e-01 -1.73049371e-01 -3.27312939e-01 -4.00061204e-01
 -3.75186981e-01 -3.44921516e-01 -3.13885089e-01 -3.11861584e-01
 -3.49286799e-01 -3.49728646e-01 -3.50879162e-01 -3.78700960e-01
 -2.52997732e-01 -4.21228334e-01 -4.47999232e-01 -3.46150584e-01
 -4.69032398e-01 -4.44686918e-01 -4.89194370e-01 -5.40954850e-01
 -4.92890763e-01 -4.19437326e-01 -5.26263997e-01 -3.99366696e-01
 -2.38245537e-01 -2.42513954e-01 -2.42662487e-01 -2.02559320e-01
 -1.12147937e-01 -1.52086583e-01 -1.50631782e-01 -3.67441437e-02
 -2.66404450e-02  9.61023916e-02  1.12261811e-01  1.12662987e-01
  1.28789560e-01  1.49736045e-01  1.78620451e-01  2.50817473e-01
  2.67445672e-01  2.79647356e-01  3.11136837e-01  3.24655340e-01
  3.87732416e-01  3.91197027e-01  4.25605265e-01  4.36241775e-01
  4.38990744e-01  4.42097039e-01  4.47974145e-01  4.52855214e-01
  4.53642546e-01  4.61335319e-01  4.66366414e-01  4.72402161e-01
  5.01726491e-01  5.15044122e-01  5.21049495e-01  5.27020150e-01
  5.35387597e-01  5.40595469e-01  5.47629579e-01  5.78679907e-01
  5.69525493e-01  5.91921274e-01  6.24730942e-01  6.37636036e-01
  6.64071207e-01  6.70603293e-01  6.90561484e-01  7.32589190e-01
  7.41524725e-01  7.61462627e-01  7.36920457e-01  7.78001248e-01
  7.96607372e-01  8.10499909e-01  8.29800431e-01  8.56598123e-01
  8.58052168e-01  8.92975620e-01  8.93063787e-01  9.07391378e-01
  8.53671560e-01  8.95750321e-01  8.12975587e-01  7.99592427e-01
  8.02002971e-01  7.90982484e-01  7.98257903e-01  7.84525361e-01
  7.67498218e-01  7.95203459e-01  7.76667250e-01  7.91522079e-01
  7.65118207e-01  7.59498163e-01  7.65530993e-01  7.36538248e-01
  7.49546890e-01  7.33938005e-01  7.05510808e-01  6.82947793e-01
  7.04154085e-01  7.19375759e-01  7.01742797e-01  6.81644574e-01
  6.73100580e-01  6.68272917e-01  6.61983763e-01  6.58138863e-01
  6.48015327e-01  6.35464834e-01  6.26890675e-01  6.11430811e-01
  6.11305502e-01  6.01379061e-01  5.80236405e-01  5.88891023e-01
  5.99523884e-01  5.39539807e-01  5.43101052e-01  5.30000648e-01
  5.23741905e-01  5.18079849e-01  5.17194085e-01  4.93439127e-01
  5.00887256e-01  4.76219845e-01  4.80965340e-01  4.75599661e-01
  4.68734505e-01  4.68006924e-01  4.63317134e-01  4.49120421e-01
  4.42554129e-01  4.41028952e-01  4.39326838e-01  4.30053575e-01
  4.26700894e-01  4.25687947e-01  4.16379257e-01  4.02589399e-01
  4.16333219e-01  4.08582104e-01  3.79316795e-01  3.67931155e-01
  3.74471718e-01  3.72847653e-01  3.54027265e-01  3.29322888e-01
  3.16391120e-01  3.07054628e-01  3.02024389e-01  2.79918993e-01
  2.77773957e-01  2.64625573e-01  2.09357458e-01  1.63550122e-01
  1.63391735e-01  1.38405791e-01  1.21949583e-01  9.83404533e-02
  6.94886270e-02 -2.53223509e-02 -5.80257904e-02 -8.47090770e-02
 -7.11404327e-02 -2.56081960e-01 -1.92862823e-01 -2.54973367e-01
 -3.04425344e-01 -2.00362122e-01 -2.51349951e-01 -3.64512444e-01
 -4.95038981e-01 -5.34863477e-01 -5.64611764e-01 -6.51976744e-01
 -6.34185282e-01 -7.27654202e-01 -7.11226462e-01 -8.04665540e-01
 -7.97871182e-01 -7.28984391e-01 -7.39152001e-01 -7.29215495e-01
 -8.54524948e-01 -8.84229284e-01 -1.00415671e+00 -1.20170219e+00
 -1.18558973e+00 -1.34511529e+00 -1.23484110e+00 -1.19514316e+00
 -1.45257012e+00 -1.20775799e+00 -1.28912273e+00 -1.14310408e+00
 -1.01153440e+00 -1.23164229e+00 -1.05681019e+00 -1.39763760e+00
 -1.14648209e+00 -1.14726208e+00 -1.19529117e+00 -1.12406707e+00
 -9.23063183e-01 -1.05583349e+00 -1.11085136e+00 -1.05035290e+00
 -1.10212166e+00 -8.82622534e-01 -8.45428065e-01 -7.40786411e-01
 -6.81449631e-01 -7.10047750e-01 -5.16807694e-01 -5.09330432e-01
 -6.23520312e-01 -6.85797544e-01 -5.73997859e-01 -4.80101538e-01
 -5.68097699e-01 -6.11509825e-01 -6.32455022e-01 -6.57386201e-01
 -6.14829718e-01 -5.01174946e-01 -5.92526543e-01 -5.25047319e-01
 -5.85410517e-01 -5.43850414e-01 -3.86665566e-01 -5.18194999e-01
 -5.01217873e-01 -4.16823868e-01 -4.06854628e-01 -1.95950196e-01
 -3.05934544e-01 -2.85956100e-01 -2.85469741e-01 -2.71790791e-01
 -4.42037084e-01 -2.04656973e-01 -1.95215888e-01 -1.64244367e-01
 -8.99432705e-02 -1.67894375e-01 -6.78768394e-02 -1.69944199e-01
 -1.29807523e-01 -6.16745350e-02 -1.05003942e-01 -1.10947439e-01
 -1.50735596e-01 -4.95046696e-02 -9.20711413e-02 -9.31785858e-02
 -1.42614911e-01 -1.10451547e-01 -4.86193487e-02 -1.04054804e-01
 -8.64665811e-02 -1.72267461e-01 -1.37572482e-01 -1.37506032e-01
 -1.16384932e-01 -1.18503092e-01 -1.62627222e-01 -1.01383900e-01
 -1.00834075e-01 -1.23083683e-01 -1.39450258e-01 -1.46866834e-01
 -2.01569202e-01 -1.89197360e-01 -1.27149199e-01 -2.38445232e-04
  8.11426030e-02 -1.91118288e-02 -3.75506299e-02  1.21941388e-02
 -1.64939030e-02  5.55162830e-02  6.12744130e-02  1.52136335e-02
  6.58260638e-02  8.41569711e-02  1.12445773e-01]","[-1.15353579 -1.12410492 -1.08866987 -1.08559997 -1.05747691 -1.05542129
 -1.0402082  -1.04689607 -1.03965155 -1.02912674 -0.99860564 -0.98857542
 -0.98670115 -0.9718709  -0.95089899 -0.94462482 -0.93214087 -0.92584323
 -0.93059619 -0.92534073 -0.9251457  -0.91554299 -0.90118126 -0.8968061
 -0.8875708  -0.87653607 -0.87332744 -0.85657801 -0.85186765 -0.84219655
 -0.83624512 -0.82691044 -0.80025351 -0.77208199 -0.6854476  -0.50246684
 -0.49829289 -0.37432141 -0.32209768 -0.29383905 -0.29214928 -0.35393885
 -0.28961756 -0.30206267 -0.15513828 -0.18292326 -0.18238919 -0.15163789
 -0.28304648 -0.30318094 -0.15574772 -0.28261606 -0.27819918 -0.36253605
 -0.20447416 -0.27700973 -0.24631072 -0.25178198 -0.25173294 -0.17948505
 -0.20557074 -0.23586024 -0.22939668 -0.22672957 -0.30130504 -0.22495239
 -0.21903401 -0.30664165 -0.21425769 -0.24149849 -0.37717816 -0.29442466
 -0.37151285 -0.33939187 -0.3791559  -0.37197905 -0.36481084 -0.4176471
 -0.38863035 -0.38224757 -0.40470272 -0.42977844 -0.46010867 -0.46565188
 -0.46617823 -0.47466243 -0.51878205 -0.50022859 -0.58069488 -0.55760027
 -0.65302698 -0.64075894 -0.63850017 -0.72347668 -0.59314855 -0.55447052
 -0.63436329 -0.61506153 -0.55853136 -0.62114898 -0.61507549 -0.53485711
 -0.53648387 -0.50327036 -0.4856671  -0.45507743 -0.42630537 -0.38225221
 -0.38061726 -0.3865021  -0.34476855 -0.25437326 -0.29716405 -0.18507339
 -0.15284514 -0.1504063  -0.14331795 -0.134542   -0.1132842  -0.09342288
 -0.09075799 -0.08648794 -0.0738928  -0.07281238 -0.07068761 -0.06224772
  0.03269594  0.24127838  0.28776877  0.31039685  0.31062809  0.3360962
  0.35952356  0.37718469  0.40289839  0.51984694  0.52248849  0.54127678
  0.55648947  0.56665965  0.58577926  0.60000164  0.62176577  0.66243097
  0.68398611  0.71451899  0.8985709   0.72161933  0.72346172  0.81590297
  0.85388074  0.96382324  1.02135054  0.96702034  0.97993026  1.04797183
  1.07760036  1.1481113   1.61702995  1.56697782  1.54501083  1.39104815
  1.27588435  1.1540792   1.15882897  1.87110454  1.64979205  1.6651427
  1.16185538  1.76137043  1.12771684  1.99864167  1.62105926  1.35991465
  1.12483684  1.93557483  1.42660222  1.43033144  1.47280696  1.10546519
  1.64704893  1.03014516  1.10029887  0.99398062  0.98754674  0.74163672
  0.76767017  0.79169635  0.69285756  0.62274015  0.61712144  0.61672133
  0.56985092  0.57006897  0.56470882  0.55241922  0.54018184  0.53883568
  0.52082272  0.49785094  0.46634036  0.46517517  0.47791337  0.42989938
  0.44575695  0.44479036  0.44475905  0.44141435  0.43764164  0.48801406
  0.51114814  0.50500385  0.48890254  0.46039634  0.42087689  0.41884205
  0.40775585  0.41085252  0.38570083  0.38605837  0.38317389  0.37456283
  0.3658973   0.35850141  0.34093184  0.33504631  0.32070964  0.3325879
  0.30693647  0.30484587  0.27428068  0.03953765 -0.04130612 -0.07145989
 -0.08746595 -0.09157036 -0.10898874 -0.13870132 -0.14478625 -0.30336169
 -0.37487672 -0.43103415 -0.51003686 -0.62929693 -0.80023031 -0.81051216
 -0.7772604  -0.82210508 -0.77573037 -0.75243642 -0.74144538 -0.72362696
 -0.75683836 -0.72578848 -0.71431501 -0.61380806 -0.58029034 -0.48325605
 -0.40681921 -0.45034641 -0.46475146 -0.37519579 -0.37311893 -0.33658108
 -0.29429186 -0.14534711 -0.13869005 -0.14239576 -0.12815604 -0.10240964
 -0.09198852 -0.08938777 -0.07466673 -0.07104467 -0.0678501  -0.00364077
  0.22869937  0.25555582  0.27264613  0.28109853  0.25768546  0.24045525
  0.26806783  0.23514756  0.17096316  0.18481692  0.20229042  0.10133923
  0.00925976  0.09511301 -0.041743    0.10408485 -0.04415425 -0.04371595
  0.00931871 -0.03508447 -0.04953647 -0.03145043 -0.05789376  0.08551418
 -0.01470056 -0.00389827 -0.04249795  0.00345388 -0.01604421 -0.03105884
 -0.02702221  0.00399989  0.00606751 -0.00653833 -0.02924437  0.06657439
  0.11797961  0.24456282  0.08878687  0.08519784  0.16759582  0.05614173
  0.11060418  0.22583141  0.06362988  0.1215873   0.06397712  0.21665923
  0.13909404  0.04743551  0.15692238  0.16374708  0.0925947   0.16499437
  0.19166861  0.04555396  0.17869461  0.10834464  0.00936749  0.14483158
  0.14217438  0.2047803   0.01321679  0.17531178  0.18807865  0.1297027
  0.22078692  0.01415475  0.22470499  0.17564993  0.16933301  0.20617043
  0.23131378  0.20326073  0.23527207]"
12,"[-1.03616247 -0.96945538 -1.02386891 -1.04081278 -1.02866072 -0.94503338
 -0.82251161 -1.05559119 -0.77978606 -0.95181305 -1.05325943 -0.77911223
 -1.02599728 -0.86919358 -0.77228891 -0.73846096 -0.72437531 -0.70875497
 -0.66593978 -0.69757155 -0.66157383 -0.62621814 -0.62325641 -0.66099017
 -0.61581232 -0.61500404 -0.61058039 -0.60984566 -0.59826166 -0.59219591
 -0.57542746 -0.5697012  -0.56244225 -0.55728368 -0.53192751 -0.41570542
 -0.50071511 -0.52801757 -0.48854059 -0.48174547 -0.44750554 -0.41233436
 -0.44902064 -0.47956875 -0.37984513 -0.3796385  -0.36681211 -0.36346349
 -0.32729457 -0.31585917 -0.32635631 -0.35574997 -0.27627815 -0.26497338
 -0.25644919 -0.23394237 -0.20723552 -0.16675745 -0.15211604 -0.1402451
 -0.13030224 -0.10254221 -0.10322111 -0.11030865 -0.11271443 -0.10358473
 -0.11941533 -0.10973327 -0.12764229 -0.09822097 -0.10041395 -0.0928171
 -0.02077367 -0.07730398  0.02232117 -0.06449601 -0.05222313 -0.07444693
 -0.09565988 -0.0877     -0.06949711 -0.07343658 -0.05152308 -0.06254544
 -0.0050873  -0.02059176 -0.00207289 -0.0089124  -0.05165862 -0.03037395
 -0.03233861 -0.00980303 -0.05056861 -0.00486524  0.02276732  0.01270079
  0.01087462  0.02546958  0.0261393   0.03000579  0.04077725  0.05379891
  0.0647549   0.07473094  0.07718978  0.0955033   0.09212184  0.08710747
  0.07826534  0.08907595  0.07894254  0.07601347  0.09366266  0.09653827
  0.10593276  0.11045178  0.10126723  0.10414975  0.1238553   0.12495114
  0.12810226  0.13066408  0.135984    0.12918615  0.13264873  0.13805443
  0.13365529  0.13929884  0.13865587  0.14237162  0.14745156  0.18069718
  0.16273037  0.14824584  0.15341764  0.16587917  0.16630313  0.16755577
  0.18642949  0.18959096  0.14533694  0.18341593  0.17231212  0.17441849
  0.18076748  0.14901557  0.1748034   0.14960086  0.19097315  0.19117721
  0.17953857  0.16069968  0.16322528  0.19859279  0.19332041  0.19944763
  0.20135285  0.1983438   0.20653769  0.21136439  0.21408401  0.21458028
  0.21990826  0.21872474  0.22766957  0.24411557  0.22706837  0.2754997
  0.29078518  0.31007213  0.34833473  0.33616968  0.34611204  0.31226191
  0.31539556  0.28400126  0.27735944  0.2646687   0.24504425  0.2357493
  0.24761244  0.2634885   0.23084048  0.25379047  0.28733426  0.33128098
  0.36695326  0.37514643  0.37800697  0.4198878   0.42286784  0.43431898
  0.45530158  0.46357092  0.46962183  0.48097473  0.50306026  0.53747757
  0.58353786  0.65593765  0.68304884  0.72902054  0.72948573  0.74215951
  0.74327377  0.75635863  0.79568189  0.81432842  0.77210758  0.80142891
  0.81024159  0.81297969  0.81506583  0.81812924  0.85058896  0.84484034
  0.86640496  0.86531393  0.86699401  0.86467441  0.89247999  0.88209289
  0.93873215  0.90886879  0.88834172  0.86224083  0.8468828   0.82265468
  0.83927879  0.82392809  0.81393513  0.77290754  0.75781294  0.74318341
  0.73318865  0.73230744  0.72402156  0.6612758   0.69145067  0.66122036
  0.58459469  0.56132366  0.60677888  0.63851749  0.6121639   0.63717336
  0.56411061  0.55532612  0.55033374  0.5053773   0.50256213  0.47452783
  0.46475184  0.45061427  0.43226812  0.46134172  0.44127223  0.44621675
  0.41648272  0.41413884  0.39208508  0.39145702  0.40359214  0.39234497
  0.42699619  0.38983876  0.38024308  0.35467522  0.36894552  0.36724433
  0.35441713  0.36858325  0.33105697  0.28061184  0.2879741   0.29517106
  0.33069356  0.26250986  0.26886582  0.22226076  0.21717115  0.21427373
  0.21055648  0.15282239  0.14313592  0.13282309  0.12607985  0.09767166
  0.07479756  0.07435928  0.06193573  0.04854076  0.04074282  0.03748304
  0.02339457  0.01674883 -0.03803711 -0.09797147 -0.13267688 -0.12804222
 -0.13172786 -0.13739401 -0.15509722 -0.22539324 -0.23641016 -0.24953276
 -0.26125021 -0.27282114 -0.32387431 -0.37279502 -0.38122415 -0.54580604
 -0.552706   -0.55806175 -0.56901485 -0.57121012 -0.58235858 -0.59610172
 -0.61582108 -0.64876258 -0.65378776 -0.71707457 -0.74391376 -1.06199913
 -1.06745677 -1.07034081 -1.07338891 -1.08217488 -1.11067369 -1.08763781
 -1.1242289  -1.09653134 -1.13182327 -1.13528674 -1.14616666 -1.1594494
 -1.17500197 -1.22129855 -1.30470082 -1.35672495 -1.31773598 -1.39376184
 -1.39849075 -1.3813086  -1.391518   -1.34395868 -1.23621663 -1.17858722
 -1.15787841 -1.14439435 -1.14540816]","[-1.03433514 -0.85764096 -0.81072987 -0.83188571 -0.87886656 -0.83074725
 -0.80122877 -1.06769492 -1.08422119 -0.79865455 -0.81932799 -0.97648001
 -0.79602717 -0.68866376 -0.7912261  -0.78446354 -0.70553503 -0.76619926
 -0.67731717 -0.57668388 -0.55293948 -0.47073006 -0.48690101 -0.42712083
 -0.42199466 -0.38043329 -0.35997424 -0.25532371  0.01989911  0.16265726
  0.25407013  0.26261234  0.34513143  0.51455586  0.55034401  0.58081524
  0.59170894  0.55647479  0.47503887  0.53534754  0.64702367  0.65477165
  0.54160078  0.54815239  0.55050068  0.63844191  0.7293389   0.72866351
  0.80913659  0.87885438  0.87672764  0.86468393  0.85873905  0.74461579
  0.87008111  1.00040638  1.00364892  1.04573841  1.0817902   1.01247258
  1.09105237  1.15915839  1.13667683  1.13208243  1.12690444  1.09488652
  1.03476361  1.15849107  1.09011968  1.02508279  1.01889484  0.96959715
  0.78262464  0.97509937  0.78257437  0.84010654  0.83506559  0.8285202
  0.88343616  0.90342772  0.96040367  0.826538    0.8966201   0.93050276
  0.90526216  0.90530134  0.90569586  0.82292222  0.85620609  0.79876783
  0.80916381  0.67903146  0.90896767  0.68148983  0.7344906   0.74247054
  0.59605296  0.56135234  0.55748769  0.67220111  0.49245924  0.44410198
  0.44578777  0.44066006  0.36222253  0.43784713  0.43565566  0.43249772
  0.40294867  0.36852133  0.46983838  0.33665974  0.40102057  0.33391346
  0.36564189  0.36819576  0.32474826  0.32313264  0.24350918  0.20270894
  0.21750451  0.23843601  0.20967336  0.22232619  0.20783793  0.22210646
  0.20016797  0.25410491  0.20186086  0.11392028  0.04444297  0.03505319
  0.11170882  0.12389794  0.13743523  0.0973855   0.02438814  0.13972847
  0.1038052   0.09865499  0.10812887  0.05011451  0.00710485  0.02785403
  0.00358831  0.09931101 -0.03877754 -0.03964829  0.03080546 -0.05765391
 -0.10472839 -0.18396145 -0.0834167  -0.04225587 -0.05206125 -0.15799384
 -0.20202249 -0.17357195 -0.20704776 -0.22884027 -0.2848347  -0.25869467
 -0.29436393 -0.34170112 -0.36178839 -0.34861778 -0.34650862 -0.2232796
 -0.07514811 -0.12276466 -0.02054343  0.09242398  0.21035653  0.25668893
  0.19624368  0.29579278  0.36192058  0.33490835  0.36096677  0.33543488
  0.39292979  0.3956605   0.47707288  0.45056984  0.39262567  0.30936393
  0.24037834  0.22105416  0.19286381  0.21998037  0.15845197  0.02888328
 -0.09339292 -0.1334879  -0.39139373 -0.39993553 -0.51047497 -0.55503696
 -0.8709824  -1.1318662  -1.37849092 -1.50052568 -1.56603176 -1.72552256
 -1.7789967  -1.79392201 -1.8876596  -1.93377068 -1.93882313 -1.97905225
 -1.96135338 -1.95817925 -1.94302661 -2.03879264 -2.12700463 -2.21803494
 -2.23212099 -2.28570722 -2.29182444 -2.20822991 -2.2159549  -2.18523942
 -2.16416102 -2.08720325 -2.06360032 -1.90519752 -1.87038604 -1.82681667
 -1.83402489 -1.80732061 -1.78878695 -1.78997711 -1.73188161 -1.72862543
 -1.6124728  -1.54757585 -1.4155371  -1.3995077  -1.28010368 -0.8872494
 -0.7240078  -0.85800084 -0.81545096 -0.6037798  -0.51596557 -0.4479304
 -0.44162371 -0.4367929  -0.35680312 -0.21695335 -0.1428363  -0.13815437
  0.03375852  0.01987678  0.08769085  0.08971352  0.14240343  0.16573847
  0.18621374  0.21663845  0.20443706  0.2082261   0.31350912  0.34208979
  0.2776802   0.29188394  0.37791322  0.31483628  0.38739704  0.5161022
  0.52404956  0.58410854  0.52525704  0.66797193  0.46002981  0.59921693
  0.46856316  0.5296858   0.6845303   0.74186404  0.8885002   0.78353499
  0.91012165  0.90755454  0.94925053  1.05623362  1.01068378  1.00087738
  1.00908274  1.14489105  1.15139599  1.18489247  1.21838873  1.20734298
  1.21525075  1.21540042  1.21723682  1.28206063  1.25916874  1.46433569
  1.24490443  1.31560944  1.25095971  1.22425763  1.23677622  1.15519909
  1.00529248  1.0537708   0.99846248  0.87299705  0.88232984  0.72403164
  0.75352862  0.71226704  0.69609108  0.56264617  0.38645791  0.45849191
  0.383456    0.29327158  0.25064036  0.11394657  0.08588256 -0.05064545
 -0.12398905 -0.2884045  -0.3733261  -0.41732528 -0.48054261 -0.60131744
 -0.65327548 -0.61510023 -0.53535837 -0.60074981 -0.73486736 -0.9628393
 -0.67770326 -0.86742222 -1.14218419 -1.11585009 -1.19768601 -1.26908172
 -1.22592517 -1.18845278 -1.28595764 -1.25680248 -0.99286229 -0.66104956
 -0.56576026 -0.50409925 -0.51836223]"
13,"[ 1.12094663e+00  1.06000944e+00  9.88888250e-01  9.28754255e-01
  8.61965152e-01  7.14464858e-01  6.69578414e-01  6.69463207e-01
  6.36756226e-01  5.33138872e-01  5.30131049e-01  5.95228752e-01
  4.36200840e-01  4.23366760e-01  4.03966026e-01  3.94151260e-01
  3.86512133e-01  3.66854117e-01  3.55758274e-01  3.32887245e-01
  3.01654070e-01  2.82612158e-01  2.61674796e-01  2.80859081e-01
  1.54442395e-01 -6.84095728e-02 -7.92979479e-04 -6.92813988e-02
 -1.15191247e-01 -2.69834703e-01 -2.66898660e-01 -8.60554369e-02
 -9.53500321e-02 -2.32566516e-01 -9.56693618e-02 -3.11545001e-01
 -4.06923553e-01 -5.54196591e-01 -5.27091019e-01 -4.70339752e-01
 -5.54480498e-01 -5.34725029e-01 -6.01040495e-01 -7.40787038e-01
 -6.86883087e-01 -6.87258513e-01 -6.81917511e-01 -7.72917718e-01
 -5.74950916e-01 -7.34001087e-01 -7.12758891e-01 -5.79025146e-01
 -7.84744618e-01 -5.12418975e-01 -5.51000212e-01 -5.11471042e-01
 -5.16975370e-01 -5.67131203e-01 -5.26541728e-01 -6.89592399e-01
 -6.33211327e-01 -6.14816039e-01 -6.07577493e-01 -6.18776252e-01
 -7.17029395e-01 -6.33545836e-01 -6.47455792e-01 -6.11656265e-01
 -6.89695492e-01 -5.50781242e-01 -5.54246845e-01 -8.15241549e-01
 -7.23643057e-01 -6.94138839e-01 -5.57723869e-01 -5.34542267e-01
 -5.31109509e-01 -6.82177988e-01 -6.80100799e-01 -6.40361703e-01
 -7.95355078e-01 -7.97828404e-01 -8.25064601e-01 -7.93010618e-01
 -8.28845687e-01 -8.33266344e-01 -8.41327362e-01 -8.42242462e-01
 -8.74701013e-01 -8.77976582e-01 -8.97219084e-01 -1.01374092e+00
 -1.02558132e+00 -1.12525209e+00 -1.21227275e+00 -9.20451347e-01
 -9.12963742e-01 -1.09680019e+00 -1.09125010e+00 -9.85399133e-01
 -9.21828142e-01 -9.86956387e-01 -9.57896210e-01 -8.84961031e-01
 -1.05254162e+00 -8.82368962e-01 -8.81477283e-01 -8.90449238e-01
 -8.87174646e-01 -9.74899786e-01 -8.79818857e-01 -8.69372201e-01
 -8.63873861e-01 -8.36013591e-01 -8.26726122e-01 -8.08108780e-01
 -5.62542979e-01 -5.18506282e-01 -4.78751406e-01 -4.17468996e-01
 -2.94292906e-01  1.63073161e-01  2.37636933e-01  2.61019451e-01
  3.15537428e-01  3.50312898e-01  3.64544946e-01  3.87786354e-01
  4.18681803e-01  4.76858115e-01  5.45584758e-01  6.53071808e-01
  6.91927802e-01  8.17583755e-01  8.88018910e-01  9.19386949e-01
  9.89156361e-01  1.04943044e+00  1.03492093e+00  9.47041785e-01
  1.02682682e+00  9.73322868e-01  8.55323719e-01  8.37713922e-01
  7.78340869e-01  6.61885775e-01  6.30426871e-01  6.35871660e-01
  4.16911639e-01  3.68018508e-01  3.39077575e-01  3.32113470e-01
  3.03396870e-01  2.89581880e-01  2.52912685e-01  1.37764210e-01
 -3.11713257e-01 -1.01348797e-01 -3.61791362e-01 -4.13261816e-01
 -4.97910401e-01 -5.09476026e-01 -4.18630601e-01 -1.77783213e-01
 -1.71056575e-01 -8.55903317e-02 -1.74410171e-01 -8.49458903e-02
 -1.55639742e-01 -1.91041242e-01 -2.40757238e-01 -2.74569815e-01
 -1.34388310e-01 -7.92029318e-02 -1.52082981e-01 -3.28345682e-03
  1.19288114e-02 -7.68983150e-02 -2.14941363e-02 -3.36357807e-02
 -5.58138322e-02  8.30832495e-02  8.11356214e-02  1.69168610e-01
  2.17381470e-01  1.69507066e-01  1.70967922e-01  2.04348197e-01
  1.11465213e-01  6.04631731e-02  6.37299272e-02  1.35063212e-01
  1.62316406e-01  2.11345863e-01  4.24318765e-02  3.25836629e-02
  1.58332292e-01  1.57818664e-01  1.90109319e-01 -7.68971489e-02
  1.90695172e-01  2.18394563e-01  1.87144530e-01  1.33536482e-01
 -1.53214203e-02  1.15466839e-01  1.33037679e-01  1.28246368e-01
  2.02844493e-01  5.84142978e-03  2.18090880e-01 -6.58032308e-02
 -2.67010348e-02  1.51505416e-02  1.53042498e-02  4.51998174e-02
  5.54472178e-02 -1.65299805e-01 -2.92873646e-02  1.72167731e-01
  6.87548474e-02  3.22847121e-03 -3.15673895e-02 -3.52030876e-02
 -1.43780013e-02  8.45559234e-02 -5.71584991e-02  9.65342281e-02
 -4.11424124e-02 -4.65324704e-02 -1.81764946e-01 -2.05257589e-01
 -5.99117528e-02  5.74741460e-02  9.65104351e-02  8.00465839e-02
 -1.65926457e-01  7.39438911e-02  6.70653126e-02 -1.18570735e-02
 -1.04182054e-01 -1.35838243e-01 -1.41656656e-01 -1.28117657e-01
 -1.26848594e-01 -1.25131008e-01  1.22233287e-01 -1.22199052e-01
 -4.34601052e-01 -4.77513881e-01 -4.37820459e-01 -4.43078848e-01
 -4.44348335e-01 -2.89654765e-01 -4.45642944e-01 -2.37911619e-01
 -4.51740274e-01 -3.48507133e-01 -4.62371723e-01 -4.84378268e-01
 -4.94927325e-01 -4.82311063e-01 -3.37835116e-01 -3.25772010e-01
 -3.73702117e-01 -3.79166233e-01 -4.88989367e-01 -4.55599309e-01
 -3.54367707e-01 -3.89464408e-01 -3.91041332e-01 -3.13608439e-01
 -3.15891407e-01 -3.58955990e-01 -3.59449661e-01 -2.74603626e-01
 -6.42123035e-02 -1.13439965e-01 -1.82334828e-01 -8.13473690e-02
 -2.51630607e-01 -2.81938088e-02  7.72854299e-02  2.13347113e-01
  1.37002910e-01  2.27864877e-01  2.40274911e-01  2.94650281e-01
  2.78850054e-01  3.16096964e-01  3.23957910e-01  3.29334419e-01
  3.53996598e-01  3.32646380e-01  3.50861018e-01  3.51683376e-01
  3.82253543e-01  4.01461077e-01  4.36795666e-01  4.96486495e-01
  4.23808681e-01  5.27649731e-01  4.74774570e-01  4.23660100e-01
  4.66081155e-01  4.52770134e-01  4.97656567e-01  5.11169968e-01
  5.26324953e-01  6.49591535e-01  6.53369554e-01  6.52601703e-01
  6.61965801e-01  6.75040304e-01  7.27037321e-01  7.29585877e-01
  6.82494965e-01  8.27045868e-01  8.94980743e-01  9.76798338e-01
  1.07454833e+00  1.12461910e+00  1.14079950e+00  1.18107864e+00
  1.19753792e+00  1.19789753e+00  1.22317906e+00  1.46712583e+00
  1.31646430e+00  1.38395881e+00  1.45959644e+00  1.32791651e+00
  1.32554654e+00  1.40336873e+00  1.59021155e+00  1.54111912e+00
  1.38953011e+00  1.44012523e+00  1.55549360e+00  1.42275566e+00
  1.29638546e+00  1.22772640e+00  1.29393622e+00  1.27291857e+00
  1.27773833e+00  1.22428577e+00  1.27141792e+00  1.22468992e+00
  1.31206781e+00  1.23155243e+00  1.24780678e+00]","[ 1.41523884  1.3828391   1.30531324  1.23769963  1.24491969  1.22478101
  1.22950255  1.22432264  1.20222441  1.19631727  1.17359884  1.14027393
  1.09071522  1.0975859   1.09258809  1.08977718  1.08936529  1.08519383
  1.0706989   1.06672465  1.058061    1.05609341  1.04614308  1.02309515
  1.021387    1.01397843  1.01254253  1.0109846   1.00871465  1.00030761
  0.99870664  0.99501355  0.99384011  0.99220927  0.99046445  0.988685
  0.98844428  0.98156416  0.90523204  0.95962176  0.90010358  0.97197108
  0.97034628  0.93540286  0.95320015  0.95086943  0.80102106  0.86569315
  0.94990811  0.89795281  0.88926449  0.88289318  0.94140688  0.85256029
  0.85247022  0.83963184  0.83888214  0.88745947  0.88269068  0.83790602
  0.80867658  0.82356489  0.87070377  0.83342446  0.83042358  0.78892751
  0.78126862  0.77858117  0.77854833  0.76025569  0.78088077  0.77891209
  0.73416332  0.72355222  0.71812762  0.75707329  0.75774793  0.74038414
  0.73956823  0.73716367  0.73420732  0.73338654  0.70717356  0.7271173
  0.70348001  0.70561646  0.70098293  0.669372    0.66854097  0.66443392
  0.64864653  0.64744912  0.63794381  0.62894774  0.62709604  0.6096477
  0.60235925  0.58639448  0.56421575  0.55762983  0.55615743  0.55384902
  0.54895174  0.52805879  0.51315742  0.50050002  0.4894254   0.46955822
  0.33113104  0.19155027  0.30233597  0.02544364  0.12207092  0.07411494
 -0.27356998 -0.5037641  -0.53140659 -0.57240928 -0.76091331 -0.78132248
 -0.82456512 -0.83605627 -0.86716333 -0.89298489 -1.06380196 -1.02448795
 -1.0659558  -1.0107054  -1.12363028 -1.06600217 -1.14863877 -1.17565547
 -1.13911475 -1.18014125 -1.22390923 -1.32626173 -1.33290644 -1.42170525
 -1.49725434 -1.44384217 -1.54973239 -1.52510959 -1.39773652 -1.32655608
 -1.33200697 -1.32432624 -1.26660604 -1.29750293 -1.22737975 -1.22198069
 -1.1818278  -1.12860344 -1.07679137 -0.94613786 -0.87290122 -0.83984915
 -0.79120506 -0.70364871 -0.77100124 -0.70190736 -0.68032655 -0.64946033
 -0.64610461 -0.7433182  -0.73332105 -0.70044765 -0.7787505  -0.7742122
 -0.76743455 -0.69488614 -0.72012012 -0.77180039 -0.71769603 -0.71580614
 -0.68605658 -0.64116462 -0.70606402 -0.61803064 -0.59118395 -0.54756885
 -0.5146923  -0.45729047 -0.22445729 -0.03744095  0.01327358  0.08305021
  0.00445891  0.07583444  0.10427102 -0.09495009 -0.18386706  0.05200513
 -0.12041657 -0.19131994 -0.11747306 -0.19240651 -0.12186182  0.02640025
 -0.03185855 -0.17135602 -0.02939761 -0.02899011 -0.027339   -0.13427614
 -0.13351921 -0.06168671  0.00235014 -0.00836172 -0.05057302 -0.01054717
  0.07021081  0.07083238  0.08751983 -0.19761255 -0.33177381 -0.32664958
 -0.44814027 -0.39963221 -0.37892734 -0.49365884 -0.30776012 -0.35205806
 -0.48870418 -0.30763167 -0.43549689 -0.45764465 -0.16497362 -0.33401943
 -0.38175164 -0.24578443 -0.3388148  -0.34062066 -0.34101185 -0.35013612
 -0.40935348 -0.34184061 -0.41133659 -0.21901503 -0.46688527 -0.35005966
 -0.24016426 -0.26303983 -0.26205554 -0.46591899 -0.29049283 -0.39156986
 -0.30358082 -0.20586967 -0.16546516  0.07961204  0.02449899  0.1660179
  0.08958025  0.17202846  0.24540734  0.2250081   0.23948677  0.22281192
  0.21672303  0.2503345   0.26394958  0.26752831  0.214909    0.26993654
  0.22847798  0.28973954  0.30052586  0.3536203   0.30711005  0.36620922
  0.33070842  0.23321772  0.20923026  0.20732623  0.19656561  0.04555696
 -0.10104956  0.03153763 -0.01339321  0.02914355 -0.18837189 -0.46476377
 -0.43485587 -0.3375705  -0.48297551 -0.26069919 -0.25132997 -0.04527091
 -0.2062835  -0.24700053 -0.17552294 -0.03700482  0.15373534  0.16004864
  0.16838722  0.17373468  0.30129239  0.38137502  0.41128024  0.50419992
  0.46463168  0.3678002   0.39764072  0.36835177  0.35350271  0.37875101
  0.4327944   0.21945476  0.17327432  0.16285182  0.13229206  0.09637614
  0.02041022 -0.13436766 -0.21147301 -0.14358217 -0.19754328 -0.43097548
 -0.49687816 -0.57074822 -0.54591673 -0.57553462 -0.58051291 -0.59231079
 -0.60132382 -0.69074084 -0.78504078 -0.80227455 -0.80559399 -0.81397391
 -0.83477209 -0.84954749 -0.85997449 -0.88528106 -0.88565505 -0.90042083
 -0.99764548 -1.06066083 -1.08552147 -1.12426264 -1.01808881 -1.06029969
 -0.90668959 -0.92391376 -0.90554326 -0.99491152 -0.93677291 -0.90529809
 -0.92597328 -1.02509383 -0.94078212]"
14,"[-0.20065795 -0.2164773  -0.22327354 -0.21912688 -0.19389331 -0.19128471
 -0.18839317 -0.17333373 -0.1618841  -0.16001397 -0.16827387 -0.15547539
 -0.15408113 -0.14570153 -0.14413274 -0.15318678 -0.12871657 -0.13902713
 -0.11903936 -0.10492965 -0.0915652  -0.08489754 -0.08385498 -0.07778383
 -0.05927512 -0.0142665   0.06198934  0.05475735  0.07909951  0.09877736
  0.12187565  0.13876156  0.15700651  0.16035938  0.17633988  0.18004547
  0.20515697  0.22273581  0.23480341  0.25579767  0.25666004  0.30119317
  0.37931511  0.44269898  0.54816464  0.65486583  0.63135321  0.66802968
  0.70001869  0.69035595  0.70373486  0.71094451  0.67586399  0.68507066
  0.66141347  0.66664204  0.6602754   0.64021504  0.65695906  0.56493498
  0.49827901  0.46991766  0.50369879  0.47754593  0.48000462  0.45059197
  0.52831934  0.49305834  0.52942796  0.51787957  0.523855    0.52058015
  0.54498007  0.55447698  0.53502763  0.55080706  0.56685621  0.57494597
  0.56411906  0.59540651  0.62252951  0.56287809  0.59201732  0.59807218
  0.60414708  0.63770149  0.6358932   0.55413852  0.55920059  0.62184168
  0.6279356   0.6204554   0.59791942  0.5357055   0.45186278  0.49473758
  0.47963888  0.43654042  0.43047984  0.42488477  0.42763916  0.40910951
  0.38853683  0.374982    0.39024509  0.37663662  0.37838875  0.30953595
  0.34494119  0.3657042   0.31840389  0.3174578   0.28930149  0.28508206
  0.25580371  0.24123684  0.22376889  0.21661248  0.19060623  0.17946156
  0.16919702  0.16783826  0.15835481  0.12583416  0.10657781  0.0937266
  0.08225854  0.06864646  0.0511782  -0.01954286 -0.08040924 -0.08650206
 -0.10424547 -0.13021024 -0.1411966  -0.15295437 -0.16370387 -0.18573359
 -0.19413831 -0.23567162 -0.24372637 -0.32991349 -0.3385294  -0.36856362
 -0.43490713 -0.4525197  -0.46365167 -0.51344614 -0.50060251 -0.59695773
 -0.71964881 -0.97603425 -1.41799788 -1.4882488  -1.55086985 -1.59805409
 -1.62148875 -1.64907116 -1.71484336 -1.74432263 -1.75376095 -1.77856962
 -1.79480062 -1.85856454 -1.88386227 -1.94090375 -2.05179502 -2.23404335
 -2.25759762 -2.29051489 -2.31434799 -2.28948204 -2.07030438 -2.34035536
 -2.07699842 -2.12357236 -2.0431218  -2.07714287 -2.09350635 -1.96304077
 -1.9057613  -1.87631935 -1.81855822 -1.83886526 -1.81822037 -1.81266704
 -1.76889131 -1.74993422 -1.732252   -1.71078886 -1.64027281 -1.60029636
 -1.57922817 -1.54948584 -1.48500853 -1.46875608 -1.33327019 -0.86826101
 -0.6522717  -0.63176954 -0.5827537  -0.73119746 -0.62803003 -0.98511388
 -1.29183758 -0.70005693 -0.6562815  -1.12740652 -1.00005629 -1.15488964
 -0.9714214  -0.99712469 -1.01568332 -1.23496093 -1.06320286 -1.24244822
 -0.89092313 -1.08586835 -0.93045135 -0.69180758 -0.61389692 -0.51797298
 -0.56276455 -0.46621575 -0.5077615  -0.62076668 -0.57795648 -0.49535564
 -0.44283687 -0.44213596 -0.45965547 -0.43168119 -0.43009425 -0.41833691
 -0.41767354 -0.40868283 -0.37851586 -0.38898281 -0.35183883 -0.35026131
 -0.34767751 -0.30273993 -0.30207151 -0.29023247 -0.23821413 -0.21750466
 -0.17703297 -0.17292122 -0.14127727 -0.14068296 -0.10659975 -0.08931634
 -0.09729293 -0.08515112 -0.06781932 -0.06263257 -0.07716592 -0.05757989
 -0.05367503 -0.04361349  0.00822301 -0.01170591 -0.01124912 -0.03098052
 -0.00790776  0.00336314 -0.00879221  0.03569364 -0.00957671  0.00296814
  0.00486276  0.02056516  0.04230106  0.04335734  0.07331012  0.07043425
  0.07714724  0.10204266  0.12788324  0.15287398  0.15578107  0.16882348
  0.17979815  0.18047581  0.1972562   0.21691728  0.24262319  0.26344358
  0.31208118  0.42417324  0.44982264  0.53971158  0.66105041  0.67369762
  0.70070302  0.71243489  0.71420202  0.71942914  0.72075035  0.72786261
  0.73778521  0.7466708   0.75654131  0.75285172  0.77220011  0.77738296
  0.7807751   0.7859864   0.78969343  0.79560203  0.79666572  0.80411426
  0.80488953  0.80490545  0.803252    0.81092901  0.81139102  0.82485105
  0.82960099  0.83497292  0.838895    0.84012863  0.84138834  0.84535329
  0.84588989  0.84974969  0.85578398  0.85922003  0.86934376  0.90253094
  1.08938865  0.96389751  0.86754643  0.86471928  1.2326686   1.33804288
  0.97012444  1.00893369  1.0532012   0.91150538  1.22413486  0.95829809
  1.06191107  0.88158689  1.28789551  0.95634181  0.96592024  1.236578
  0.9653026   0.8724534   1.06746613]","[-4.08121398e-02 -6.14668844e-02 -6.46991783e-02 -6.22508033e-02
 -6.03499779e-02 -5.23872987e-02 -5.10404805e-02 -4.68303008e-02
 -4.58687627e-02 -2.17070169e-02 -2.22015407e-02 -2.32318593e-02
 -3.71161547e-02 -3.97752983e-02 -2.00529371e-02 -1.24570762e-02
 -1.90280728e-02 -1.15954057e-02 -9.65579533e-03  1.88048892e-02
  3.04634924e-02  3.51898305e-02  6.32624381e-02  1.92823259e-01
  1.42519770e-01  2.22654134e-01  2.71370904e-01  4.58784752e-01
  5.67589934e-01  6.38802584e-01  5.99727131e-01  6.00562729e-01
  6.28731738e-01  6.45570743e-01  6.74980661e-01  6.61935030e-01
  4.89133836e-01  8.13910344e-01  6.68046669e-01  3.88397231e-01
  4.17300819e-01  3.01732778e-01  2.05890743e-01  1.03816759e-01
  9.79914800e-02  9.37164065e-02  5.05656394e-02  5.09759217e-02
  5.58395536e-02  4.41669027e-02  1.06488544e-01  6.77712379e-02
  7.60238663e-02  9.30032039e-02  9.26402159e-02  1.36155597e-01
  9.79263059e-02  2.45783244e-01  2.36198135e-01  3.71025428e-01
  3.12720376e-01  3.12233865e-01  4.92534307e-01  4.99805100e-01
  5.21815065e-01  2.90615645e-01  2.74312281e-01  2.90607567e-01
  5.45923164e-01  2.22338537e-01  2.97506712e-01  2.14459779e-01
  1.90748801e-01  2.10954716e-01  2.10082684e-01  1.54044922e-01
  1.60327884e-01  1.61998164e-01  1.67414696e-01  2.18686507e-01
  2.21329962e-01  3.52191021e-01  5.25288889e-01  4.15879070e-01
  6.62621660e-01  6.77811508e-01  6.98344772e-01  7.27237276e-01
  7.86633471e-01  7.96843735e-01  8.02135215e-01  7.65335683e-01
  1.23471888e+00  1.31574421e+00  1.10370256e+00  1.37715259e+00
  1.43178150e+00  1.34544749e+00  1.41791148e+00  1.33437724e+00
  1.63308384e+00  1.51157119e+00  1.40977813e+00  1.50091198e+00
  1.56243812e+00  1.44107481e+00  1.49395706e+00  1.49304359e+00
  1.65382089e+00  1.47513876e+00  1.55401221e+00  1.54778679e+00
  1.45917450e+00  1.52949956e+00  1.43101653e+00  1.31240126e+00
  1.29763531e+00  1.11102639e+00  1.29519551e+00  1.08551435e+00
  1.22964065e+00  1.28218313e+00  8.92532779e-01  8.30029940e-01
  1.28699170e+00  1.26083394e+00  1.06585822e+00  1.32314283e+00
  1.31627520e+00  1.39818540e+00  1.38751814e+00  1.38056060e+00
  1.31456819e+00  9.25553993e-01  1.28877595e+00  1.03889995e+00
  9.21655178e-01  5.82702051e-01  6.17898009e-01  3.61528612e-01
  2.51618926e-01  4.57927250e-01  1.36439605e-01  8.47186163e-02
  4.91406017e-02  6.19393461e-02  4.45083960e-02  4.02216047e-02
  2.88332825e-02  1.29828730e-02  1.46747802e-03 -1.05938619e-02
 -1.73464035e-02 -1.96051136e-02 -6.95785323e-02 -7.02519603e-02
 -7.24106292e-02 -7.61351429e-02 -7.75366406e-02 -7.88119214e-02
 -8.49669901e-02 -8.51222653e-02 -8.71679015e-02 -1.04122870e-01
 -2.41798816e-01 -2.96313817e-01 -3.34185272e-01 -3.66631393e-01
 -3.71224039e-01 -3.72340768e-01 -3.69983449e-01 -3.63954443e-01
 -3.62618164e-01 -3.45631875e-01 -3.44365645e-01 -3.38257435e-01
 -3.31189275e-01 -3.20108181e-01 -3.19007995e-01 -3.13295459e-01
 -3.06284523e-01 -2.87146626e-01 -3.09578028e-01 -2.87972868e-01
 -2.69666415e-01 -2.58441393e-01 -2.63730820e-01 -1.86315077e-01
 -2.26209339e-01 -2.40156847e-01 -9.51026259e-02 -2.03784148e-01
 -1.21504732e-01 -1.74232183e-01 -1.34957503e-01 -1.21980544e-01
 -1.50764871e-01 -1.24404821e-01 -1.96636798e-01 -8.73133926e-02
 -8.72568994e-02 -9.05254557e-02 -1.51303523e-01 -1.18338369e-01
 -1.70581356e-01 -1.92727248e-01 -2.50881051e-01 -1.86995155e-01
 -2.27192860e-01 -1.39916545e-01 -1.74271289e-01 -2.33329726e-01
 -1.06451101e-01 -2.16779283e-01 -1.32378105e-01 -2.16600404e-01
 -1.59810228e-01 -1.63433933e-01 -1.09072520e-01 -2.16163060e-01
 -1.68169054e-01 -9.76656462e-02 -2.59408211e-01 -1.58345110e-01
 -2.77904929e-01 -2.54237817e-01 -2.42515660e-01 -2.96272710e-01
 -2.67491289e-01 -3.06547710e-01 -3.12213770e-01 -3.15701966e-01
 -3.24654022e-01 -3.15734185e-01 -3.39576762e-01 -3.41715624e-01
 -3.59608419e-01 -3.65520252e-01 -3.74301046e-01 -3.78504103e-01
 -3.83338752e-01 -3.84581687e-01 -3.86719515e-01 -3.87756404e-01
 -3.95484445e-01 -3.97164180e-01 -4.05385743e-01 -4.08357811e-01
 -4.10791105e-01 -4.12840819e-01 -4.13107313e-01 -4.14710627e-01
 -4.18387764e-01 -4.19100656e-01 -4.19773167e-01 -4.23312188e-01
 -4.63207798e-01 -4.82785447e-01 -4.93758162e-01 -5.23925425e-01
 -5.64038557e-01 -5.75167066e-01 -5.68171667e-01 -5.86063389e-01
 -5.91549204e-01 -5.78596680e-01 -5.58582396e-01 -5.43764485e-01
 -5.41018595e-01 -5.39498897e-01 -5.18871771e-01 -5.15251935e-01
 -5.13485848e-01 -5.13222640e-01 -5.13029327e-01 -4.93720412e-01
 -4.64508774e-01 -4.51452366e-01 -4.42719115e-01 -4.61080165e-01
 -4.39485220e-01 -4.38538283e-01 -4.46261858e-01 -4.46219215e-01
 -4.45443575e-01 -4.45467818e-01 -4.59586080e-01 -4.63128106e-01
 -4.81919223e-01 -4.75853381e-01 -4.72876100e-01 -4.70570510e-01
 -4.69912256e-01 -4.83215253e-01 -4.95362895e-01 -5.06778903e-01
 -5.02229149e-01 -5.16279784e-01 -5.31507902e-01 -5.28493021e-01
 -5.37273674e-01 -5.34388662e-01 -5.25416203e-01 -5.49994878e-01
 -5.68724170e-01 -5.92279951e-01 -5.98138350e-01 -6.07272077e-01
 -6.07283832e-01 -6.30849997e-01 -6.80392014e-01 -6.91475056e-01
 -6.55733354e-01 -6.31601728e-01 -6.42861967e-01 -6.51184754e-01
 -6.53595007e-01 -6.60657842e-01 -6.62569341e-01 -7.28776356e-01
 -7.43010224e-01 -7.52269884e-01 -7.58228884e-01 -7.69680774e-01
 -7.70652872e-01 -9.51956041e-01 -9.56987346e-01 -1.21020546e+00
 -8.69532575e-01 -9.85682582e-01 -1.01365528e+00 -8.34392570e-01
 -1.01196449e+00 -1.00248908e+00 -1.00722917e+00 -1.11393673e+00
 -1.10385204e+00 -1.04099054e+00 -9.72988172e-01 -9.73644723e-01
 -9.82787398e-01 -7.89713813e-01 -7.99196779e-01 -9.57651187e-01
 -7.99878141e-01 -8.13150670e-01 -9.53740065e-01 -1.01797751e+00
 -8.73576359e-01 -8.63148004e-01 -1.02471991e+00]"
15,"[-1.56746031e+00 -1.54830444e+00 -1.51352948e+00 -1.25300980e+00
 -1.10216244e+00 -1.06535169e+00 -1.03292202e+00 -1.01153825e+00
 -1.00444757e+00 -9.77984572e-01 -1.00383243e+00 -9.58118253e-01
 -9.97542887e-01 -9.76791242e-01 -9.54151362e-01 -9.44512360e-01
 -9.46593740e-01 -9.42234475e-01 -9.27620555e-01 -9.23668345e-01
 -8.62037734e-01 -8.66456393e-01 -9.05190799e-01 -8.80294656e-01
 -9.11482360e-01 -9.27985043e-01 -9.52229703e-01 -9.51058306e-01
 -9.92067831e-01 -1.00746564e+00 -1.02752012e+00 -1.03227446e+00
 -1.05259904e+00 -1.06003566e+00 -1.11579506e+00 -1.18229379e+00
 -1.25081616e+00 -1.29631109e+00 -1.29788259e+00 -1.30272762e+00
 -1.53440740e+00 -1.47519749e+00 -1.47189341e+00 -1.46706124e+00
 -1.44394235e+00 -1.44243543e+00 -1.41277352e+00 -1.40067559e+00
 -1.35276989e+00 -1.31409379e+00 -1.31903552e+00 -1.18634779e+00
 -1.28151106e+00 -1.16911716e+00 -1.17801219e+00 -1.16888720e+00
 -1.09994425e+00 -1.10881430e+00 -1.10773880e+00 -1.29278060e+00
 -1.17970253e+00 -1.19084580e+00 -1.17983598e+00 -1.19340913e+00
 -1.26799947e+00 -1.27223397e+00 -1.18618508e+00 -1.12072261e+00
 -1.07933050e+00 -1.08860048e+00 -1.07700043e+00 -1.05145589e+00
 -1.07596495e+00 -1.05184318e+00 -1.03488935e+00 -1.02274580e+00
 -9.91797231e-01 -1.00578228e+00 -9.47651968e-01 -8.76713273e-01
 -8.73123311e-01 -8.59885789e-01 -8.43921187e-01 -8.15115149e-01
 -8.00057287e-01 -7.31594359e-01 -5.63150919e-01 -5.24168860e-01
 -4.34768259e-01 -2.19445767e-02  2.39818807e-01  3.86086356e-01
  3.32389859e-01  3.01839419e-01  2.98129730e-01  3.20983457e-01
  2.96046180e-01  3.38279852e-01  2.46977276e-01  1.85351941e-01
  2.10136024e-01  2.21646994e-01  2.25007828e-01  1.90649755e-01
  1.31931643e-01  1.11463275e-01 -3.61234846e-02 -1.72951151e-01
  8.77951640e-02  7.31751578e-02  1.01989492e-01  6.10601774e-02
  7.40468906e-02  1.71978628e-01 -1.80848404e-03  1.08923968e-01
 -1.12137185e-03  8.37536262e-02  1.77000207e-01  1.57297857e-01
  2.09150123e-01  4.30701486e-02  1.65574496e-01  7.98036601e-02
  1.56578956e-01  1.36831657e-01  7.79592970e-02 -4.09062942e-02
 -7.79827109e-04 -8.21262468e-02  5.40045177e-02 -8.40062226e-02
  3.92125616e-02  1.59849241e-02 -2.07103093e-01 -1.99528419e-01
  3.84278447e-03 -1.75694915e-01 -8.40425692e-02  6.43992072e-03
  2.97344522e-02 -1.42679892e-01  4.11040980e-02  4.13215339e-02
 -2.29582348e-01 -1.44920058e-01 -1.58612845e-01 -2.65791667e-01
 -2.33676678e-01 -3.31961675e-01 -2.74101857e-01 -2.98201110e-01
 -3.03203054e-01 -3.13354489e-01 -4.75103518e-01 -2.44205894e-01
 -4.58035331e-01 -4.38801307e-01 -3.81868771e-01 -3.74582476e-01
 -3.72339293e-01 -4.60124335e-01 -3.66864789e-01 -3.81961712e-01
 -3.60976411e-01 -2.31213684e-01 -4.10887004e-01 -4.84660019e-01
 -4.35833885e-01 -3.34001974e-01 -3.32118039e-01 -4.81685276e-01
 -4.55961009e-01 -3.29596579e-01 -4.70412300e-01 -2.49128543e-01
 -1.63570618e-01 -4.58557732e-01 -2.66078340e-01 -1.35487608e-01
 -1.89617111e-01  5.43885318e-02  8.45722498e-02  1.86122816e-01
  2.75281535e-01  3.70541018e-01  3.96132033e-01  4.22792952e-01
  4.60074149e-01  4.60437852e-01  4.66092136e-01  4.31315112e-01
  5.72286210e-01  5.68700610e-01  5.62601582e-01  4.79469335e-01
  4.92856487e-01  4.23704213e-01  4.07912639e-01  4.30211775e-01
  4.18957232e-01  5.23505776e-01  5.25429774e-01  5.55736146e-01
  5.51874217e-01  5.92565368e-01  6.08942585e-01  6.11225058e-01
  6.41745817e-01  7.84024539e-01  7.97532323e-01  8.13701014e-01
  8.39045890e-01  8.39502129e-01  8.56210753e-01  8.70114539e-01
  8.81471141e-01  9.00699310e-01  9.32902544e-01  9.14828864e-01
  9.05963099e-01  9.50837346e-01  9.52766451e-01  9.56180375e-01
  9.52646777e-01  9.41730990e-01  9.03078244e-01  8.88569241e-01
  8.84130776e-01  8.74133920e-01  8.68915483e-01  8.55287483e-01
  8.47333322e-01  8.14592765e-01  7.88347506e-01  7.84318249e-01
  7.61460233e-01  7.47372504e-01  6.77210742e-01  6.28786928e-01
  6.67163554e-01  6.77066977e-01  6.31669141e-01  6.35297037e-01
  6.68504411e-01  6.46678441e-01  7.27870244e-01  6.46211818e-01
  7.38270722e-01  7.22483383e-01  7.62953326e-01  8.13623721e-01
  8.06266791e-01  8.36947586e-01  8.62212461e-01  8.81571457e-01
  8.95929687e-01  9.14284472e-01  9.38355017e-01  9.73645069e-01
  9.92324035e-01  1.01138736e+00  1.05658330e+00  1.14999305e+00
  1.17866087e+00  1.17811208e+00  1.33144281e+00  1.28144853e+00
  1.35504556e+00  1.36781275e+00  1.37634231e+00  1.34464080e+00
  1.35501111e+00  1.29684025e+00  1.25419943e+00  1.13263540e+00
  1.07747522e+00  1.09151655e+00  1.01665665e+00  1.12346906e+00
  1.08639120e+00  1.02845957e+00  1.03827584e+00  1.04862191e+00
  1.11340656e+00  1.10860168e+00  1.13981241e+00  1.14049185e+00
  1.13580336e+00  1.14487788e+00  1.12611542e+00  1.16713162e+00
  1.14898075e+00  1.05256360e+00  1.12389428e+00  1.12292954e+00
  1.07621457e+00  1.07064984e+00  1.00755733e+00  9.94113581e-01
  1.00745778e+00  9.85962541e-01  9.85827096e-01  9.82067987e-01
  9.79962364e-01  9.80592874e-01  9.74247975e-01  9.41443066e-01
  8.94237770e-01  8.80828874e-01  8.69169692e-01  8.56296786e-01
  8.34662496e-01  8.25421394e-01  7.94875699e-01  7.02548841e-01
  6.43275006e-01  6.43063605e-01  5.81602382e-01  5.90945296e-01
  4.26713115e-01  4.13203227e-01  3.53536516e-01  3.89130777e-01
  3.65890829e-01  3.86003198e-01  4.07150009e-01  3.96022087e-01
  3.48842539e-01  3.37382084e-01  3.21134531e-01  3.09641039e-01
  3.07327080e-01  2.93008432e-01  2.65846951e-01  2.47993248e-01
  1.80128590e-01  1.52603685e-01 -7.19112261e-02 -7.27883958e-02
 -3.19257750e-01 -5.11929962e-01 -5.41800535e-01 -6.78333250e-01
 -7.95287327e-01 -8.02186081e-01 -8.24034005e-01 -8.65990639e-01
 -9.05644617e-01 -9.72112232e-01 -1.01912641e+00]","[ 0.47528782  0.43908931  0.46277356  0.44192445  0.40732029  0.44354094
  0.46124483  0.46226041  0.43302155  0.41041489  0.42821761  0.40457009
  0.39747378  0.40345123  0.3924968   0.39081096  0.38701203  0.3784503
  0.37238241  0.36867708  0.35636346  0.34565822  0.35145824  0.3518402
  0.35616602  0.3673349   0.36584695  0.35867184  0.35653822  0.35182966
  0.34090137  0.33797096  0.33442522  0.32472989  0.31055754  0.30570046
  0.19096851 -0.62514504 -0.80680466 -0.834228   -0.93316718 -0.98753516
 -1.05711964 -1.08271142 -1.13180179 -1.19128992 -1.20389716 -1.20020099
 -1.23516694 -1.25648562 -1.25537446 -1.29533375 -1.2699318  -1.32324309
 -1.58386405 -1.34119767 -1.36509495 -1.33222391 -1.29748461 -1.22198791
 -1.22734493 -1.23463027 -1.23888729 -1.25802116 -1.24317143 -1.24951411
 -1.23751995 -1.2269822  -1.30843867 -1.22238433 -1.20470648 -1.2018901
 -1.19585792 -1.19368373 -1.18637888 -1.09506631 -1.09275635 -1.06005487
 -1.05410277 -1.0046995  -1.00236101 -0.98551901 -0.8998939  -0.83805082
 -0.82552315 -0.63642582 -0.63957804  0.18375395 -0.15183657  0.17876004
 -0.27264825  0.28108053  0.23694583  0.23775795  0.23881575  0.31255337
  0.31571265  0.30406554  0.29533969  0.26080724  0.23153611  0.24847704
  0.2585038   0.13389141  0.27453944  0.18557697  0.18742324  0.14669265
  0.1982789  -0.40373179 -0.12005289  0.19845095 -0.07175458 -0.67720333
 -0.60554051 -0.29701173 -0.58005849 -0.67774168 -0.70623951 -0.31488254
  0.10100852 -0.32148045 -0.57179841 -0.44589812 -0.33243873 -0.58241477
 -0.50497556 -0.78007095 -0.68628737 -0.50106548 -0.75250789 -0.49502517
 -0.27766416 -0.68779919 -0.7111031  -0.46274181  0.16854775 -0.34301643
 -0.34220599 -0.42871557 -0.64078351 -0.454802    0.15385634  0.22360574
 -0.23733347 -0.59637664 -0.21928415  0.1169535  -0.26209797 -0.34324112
  0.20014167 -0.18394808  0.23011031  0.23002269  0.04075832  0.24318895
 -0.50679127 -0.16035088  0.21521774  0.21451757 -0.1013587   0.09326496
  0.23142046  0.05340953  0.30982146  0.27389878  0.24670476 -0.08318063
  0.04696483 -0.69775362  0.030879   -0.32876232 -0.10615464 -0.37899037
  0.19429099 -0.41745814  0.02218572 -0.10763376 -0.11040411 -0.00346985
 -0.14576849 -0.35130683  0.05798724 -0.15455034 -0.01734778 -0.33347717
 -0.83026697 -0.81819454 -0.83412667 -0.86040437 -0.87257249 -0.8957196
 -0.88870967 -0.86834468 -0.9317513  -0.98931046 -0.99450097 -0.96119159
 -1.00950998 -1.01709749 -0.99999205 -1.01298025 -1.01329642 -1.04033175
 -1.07340562 -1.12173452 -1.0956441  -1.1441711  -1.14495617 -1.16144769
 -1.14099988 -1.14200927 -1.1941513  -1.18517235 -1.1220441  -1.07548007
 -1.05279745 -0.9622442  -0.92133117 -0.91376837 -0.8617823  -0.75379368
 -0.79463549 -0.38169324  0.24008286  0.29898167  0.23254051  0.29683497
  0.31317627  0.33174695  0.317788    0.3336734   0.33633795  0.34455151
  0.35229061  0.35680663  0.36891954  0.37523838  0.38318809  0.38835471
  0.39541877  0.40640935  0.46049422  0.47693077  0.47782475  0.48226927
  0.48626695  0.49910385  0.50134904  0.50777644  0.51107397  0.51436163
  0.5186608   0.5232772   0.52474189  0.53110206  0.54326803  0.52675155
  0.54062207  0.54022295  0.56013717  0.56204036  0.66943972  0.60971044
  0.68648191  0.70493183  0.73701263  0.7541317   0.76688085  0.77466581
  0.79202641  0.77576105  0.79753747  0.81140246  0.81268428  0.83879297
  0.86414316  0.86457501  1.00471268  1.00541498  0.97720715  1.42925039
  1.6515806   1.40424547  1.00282342  0.86727872  0.94276005  0.88403101
  1.07289996  0.88916343  1.35780848  1.03819979  1.08880142  1.54151391
  1.44369479  1.47951516  1.59175322  1.56434873  1.5717088   1.64857562
  1.58134292  1.72535322  1.65821866  1.50196745  1.50853463  1.4103313
  1.33654662  0.98689642  1.12726739  1.25026326  1.0817956   0.93000894
  0.90127181  0.89398885  0.88669703  0.89730247  0.86917208  0.85548346
  0.84349844  0.83075725  0.80495137  0.80326391  0.78358356  0.78773313
  0.75795197  0.75021239  0.74301917  0.68486214  0.67970451  0.7354262
  0.68070256  0.73845305  0.70235891  0.72993217  0.73366749  0.72891889
  0.74170697  0.69038771  0.69651814  0.65254893  0.64815966  0.58345512
  0.63707621  0.58285044  0.5812998   0.57280379  0.5318415   0.57234991
  0.56910864  0.59663175  0.66925286]"
16,"[-3.73120111e-01 -3.64112447e-01 -3.93906338e-01 -4.03422621e-01
 -4.32025072e-01 -4.60940821e-01 -4.40660891e-01 -4.71569691e-01
 -4.86319501e-01 -5.35648786e-01 -5.65843229e-01 -5.84290399e-01
 -6.30899939e-01 -6.75258106e-01 -6.73781715e-01 -7.23184686e-01
 -7.34583765e-01 -9.76438193e-01 -8.23752641e-01 -8.42949394e-01
 -8.70946428e-01 -9.05026749e-01 -9.13173783e-01 -8.42760479e-01
 -8.16315945e-01 -8.07574544e-01 -7.56518485e-01 -7.65535495e-01
 -8.12736205e-01 -7.25125722e-01 -7.44302134e-01 -7.73709237e-01
 -7.54354124e-01 -7.58525305e-01 -7.32497302e-01 -7.43113746e-01
 -7.10303797e-01 -7.02779328e-01 -7.14159833e-01 -6.98006992e-01
 -7.06664821e-01 -6.83467122e-01 -7.42535134e-01 -6.94416439e-01
 -6.83113195e-01 -6.72724876e-01 -6.58826721e-01 -6.29356720e-01
 -5.78393581e-01 -5.06265986e-01 -4.79696735e-01 -3.97364265e-01
 -3.79214481e-01 -3.47746677e-01 -3.25363801e-01 -1.44030658e-01
 -1.57161733e-01 -1.27423693e-01 -6.22890991e-02 -1.23446067e-01
 -2.49083568e-01 -1.54919776e-01 -1.38500346e-01 -2.64339242e-01
 -3.23432214e-01 -2.87852186e-01 -2.81188214e-01 -3.00577086e-01
 -2.94880725e-01 -2.86706110e-01 -2.05574183e-01 -2.19102532e-01
 -3.06920289e-01 -2.54357456e-01 -2.80214861e-01 -1.84266197e-01
 -1.83813211e-01 -1.42972000e-01 -1.43121590e-01 -1.92231849e-01
 -2.15179327e-01 -2.57558823e-01 -2.01776622e-01 -1.41502971e-01
 -2.03815841e-01 -1.38213256e-01 -1.18313939e-01 -7.09601380e-02
 -1.38484638e-01 -1.18660190e-01 -1.14560439e-01 -5.69541986e-02
 -1.28834389e-01 -1.19944136e-01 -9.69124699e-02 -2.24763201e-02
 -4.63406086e-02 -4.18867388e-02  1.32844704e-02 -2.26023122e-02
 -2.36241015e-02 -7.93641462e-03 -1.34361316e-01 -1.96100526e-02
 -1.35714503e-02 -8.25494407e-03 -3.49175936e-02 -3.73827851e-02
  2.02412880e-02  2.10376422e-02 -8.94859367e-02 -1.02703398e-02
 -8.30720079e-02  1.85320522e-02  2.17165217e-02 -2.48966709e-02
  2.09020704e-02 -3.07921665e-02 -2.14993649e-04  1.78560464e-03
 -7.30827025e-02 -9.96197256e-02 -1.17005028e-01 -1.87729544e-01
 -2.95896118e-01 -3.09941308e-01 -3.30236172e-01 -3.43903720e-01
 -3.35004526e-01 -3.45620010e-01 -3.23908235e-01 -3.05957885e-01
 -2.41609431e-01 -2.42205077e-01 -1.49559284e-01 -1.87229914e-01
 -7.29447263e-02  2.26053550e-02  2.78484104e-02  2.28292777e-02
  4.11117583e-02  4.85991723e-02  5.66837538e-02  6.00667093e-02
  6.36021197e-02  8.46432644e-02  1.00093087e-01  9.27733538e-02
  1.00546639e-01  1.17834782e-01  1.11603463e-01  1.96612147e-01
  1.02705363e-01  1.09834344e-01  1.19832350e-01  1.05978236e-01
  1.02262870e-01  1.09081276e-01  1.66746257e-01  1.54304071e-01
  3.02462570e-01  1.79616075e-01  1.58125728e-01  1.39009748e-01
  1.84477004e-01  2.28442778e-01  2.27857211e-01  1.72010602e-01
  2.61929994e-01  2.48697103e-01  3.06434594e-01  7.21273565e-01
  3.26433737e-01  4.46096074e-01  2.39244337e-01  2.01420291e-01
  1.27582906e-01  2.21011682e-01  1.26379166e-01  1.18967958e-01
  1.61231406e-01  1.98289741e-01  1.85086539e-01  2.23516725e-01
  1.33429031e-01  1.38003621e-01  1.43902004e-01  1.88082402e-01
  1.88287539e-01  1.15507330e-01  2.18485556e-01  2.73322481e-01
  1.48559439e-01  1.64917985e-01  1.93625587e-01  2.17322011e-01
  2.15930044e-01  1.49428242e-01  2.07453729e-01  3.22459590e-01
  3.14984060e-01  3.90507421e-01  1.49796462e-01  3.14903059e-01
  3.41839011e-01  3.10824193e-01  2.59477399e-01  1.82893866e-01
  2.15230729e-01  2.87172744e-01  3.11330967e-01  2.74690023e-01
  2.31379064e-01  2.29668461e-01  4.14996994e-01  4.60044045e-01
  3.13927221e-01  3.42533217e-01  7.26857264e-01  3.81370344e-01
  4.93685042e-01  6.61552665e-01  5.22907218e-01  4.90030046e-01
  6.39357654e-01  3.22720915e-01  5.35292908e-01  8.55381229e-01
  7.59450494e-01  7.43663923e-01  9.32399635e-01  7.72826597e-01
  9.78334133e-01  8.17951079e-01  1.04023614e+00  7.40741682e-01
  8.10242114e-01  7.91136965e-01  7.55483490e-01  7.58226738e-01
  8.33610294e-01  8.49330704e-01  6.49277502e-01  7.67436757e-01
  7.17459267e-01  5.93137905e-01  9.45405811e-01  9.25849539e-01
  9.70692355e-01  9.65577608e-01  8.72748598e-01  1.23571638e+00
  1.10265740e+00  1.05278765e+00  1.03058350e+00  1.05995081e+00
  1.01967863e+00  8.63677916e-01  1.02228595e+00  1.02130103e+00
  5.64240191e-01  3.63643586e-01  2.88536157e-01  1.44385494e-01
  1.11050638e-01  1.00624962e-01  1.00422834e-01  9.87377071e-02
  7.94952016e-02  8.57362822e-02  8.41471706e-02  7.81486547e-02
  5.97237724e-02  5.23065943e-02  4.61663214e-02  3.42490893e-02
  3.31966701e-02 -3.72764703e-02 -1.09909912e-01 -1.80429368e-01
 -3.08499113e-01 -3.36732032e-01 -3.47051814e-01 -3.63993995e-01
 -3.78782843e-01 -4.43156502e-01 -4.05355557e-01 -4.69640545e-01
 -5.36783914e-01 -5.93606319e-01 -5.34267248e-01 -4.85524350e-01
 -4.95555534e-01 -4.72382068e-01 -5.15236399e-01 -5.73238925e-01
 -5.39131518e-01 -4.89182131e-01 -5.00488049e-01 -4.58536979e-01
 -4.51863934e-01 -3.83347271e-01 -3.74556776e-01 -3.63839662e-01
 -3.53790923e-01 -3.37814186e-01 -3.26487084e-01 -2.91547626e-01
 -1.37598096e-01 -1.90947739e-01 -1.75409919e-01 -1.33426457e-01
 -1.44147807e-01 -1.49296639e-01 -1.05226418e-01 -1.20854134e-01
 -1.04311539e-01 -1.82185810e-01 -1.21290881e-01 -4.92337802e-02
 -1.86640071e-02 -1.01873241e-01 -9.50801240e-02 -1.92068097e-01
 -1.37063413e-01 -2.23043375e-01 -2.94970304e-01 -3.46435334e-01
 -3.52242327e-01 -3.80605327e-01 -4.06893575e-01 -4.66222484e-01
 -5.27220434e-01 -5.75740834e-01 -5.94971282e-01 -6.58256500e-01
 -6.81089923e-01 -6.61593777e-01 -6.61319828e-01 -6.53156964e-01
 -6.60474695e-01 -6.05490359e-01 -6.22731935e-01 -6.18723164e-01
 -6.03229383e-01 -6.02568811e-01 -6.01948262e-01 -6.23232170e-01
 -6.16236166e-01 -6.44549140e-01 -6.46215994e-01]","[-0.0760659   0.06085598 -0.02509031 -0.17070195 -0.20885152 -0.22203371
 -0.17352751 -0.03195535 -0.03667148 -0.14615147  0.00465645 -0.02038409
 -0.14534087 -0.03207998 -0.01843583  0.11087014 -0.00312566  0.00607299
  0.1204254   0.07160467 -0.01507674  0.02252966  0.05830515  0.10384194
 -0.01295913  0.00567164  0.05516436  0.09442364  0.07633388 -0.00317864
 -0.07021364 -0.20071416 -0.26413521 -0.31855636 -0.37815881 -0.59770668
 -0.46956862 -0.64090296 -0.61878853 -0.46197459 -0.3022811  -0.30040226
 -0.29175345 -0.31139403 -0.28407193 -0.39712966 -0.53326076 -0.53669726
 -0.68400208 -0.84515401 -0.79258095 -0.88245516 -0.7802005  -0.82727819
 -0.88631305 -0.88206798 -0.82280492 -0.75389324 -0.84247969 -0.73854184
 -0.67690157 -0.74700647 -0.66441275 -0.57605015 -0.4158269  -0.42405406
 -0.45324802 -0.44903001 -0.28067719 -0.35490615 -0.33677745 -0.44696003
 -0.32518691 -0.27908024 -0.27685458 -0.27542958 -0.27050092 -0.30982602
 -0.42259131 -0.26534182 -0.39617947 -0.31567873 -0.26416659 -0.39931018
 -0.31311359 -0.25166326 -0.24912508 -0.22689147 -0.2203192  -0.26036829
 -0.20780906 -0.13206853 -0.06066371  0.01686324  0.01783975 -0.0576247
  0.02182898 -0.11592608 -0.11266824 -0.21519328 -0.10224954 -0.1589809
 -0.30564189 -0.2679879  -0.35741083 -0.48548993 -0.37836501 -0.65915668
 -0.4800495  -0.47768522 -0.42544147 -0.65988392 -0.56672608 -0.51903625
 -0.47573838 -0.6582829  -0.62361345 -0.52789898 -0.63089339 -0.4768955
 -0.47587593 -0.49916191 -0.37782639 -0.47189765 -0.31062936 -0.20307875
 -0.34644179 -0.1379587  -0.17243999 -0.14492232 -0.09930279 -0.05549013
  0.13159719  0.11542774  0.13317548  0.15797459  0.19369273  0.23708376
  0.22990771  0.26983657  0.33423194  0.37675653  0.39788036  1.35164539
  1.85875214  2.16021558  1.96118448  2.10253901  1.91042064  1.80839214
  1.9631359   1.6204372   1.32815516  1.59176391  1.13023435  0.98805746
  1.0599245   0.62050871  0.72329678  1.5522351   1.25808587  1.46989597
  1.63869027  1.63532947  1.85491018  1.81083333  1.92133209  1.66489181
  1.66592058  1.6744151   1.6880084   1.54221008  1.11658292  0.51626483
  0.52534085  1.06354752  1.1336826   1.21622497  0.73204871  0.73096236
  0.79523976  1.70682628  0.54020961  0.7011532   0.69662739  0.81764674
  0.99655096  0.88059018  0.88281729  1.3120204   1.72013244  0.88514152
  1.27339282  1.79614029  1.80140192  1.19169502  0.9061361   0.55135094
  0.46119331  0.93156699  0.35411976  0.50737858  0.48180776  1.64066087
  0.93286841  1.80089542  1.54082238  0.83697314  1.10478768  0.9399874
  0.51439318  0.94283756  0.50761917  0.47107143  0.37966038  0.95302552
  0.44193625  0.4480101   1.30058007  0.5420407   0.43131636  0.57757316
  0.36877807  0.46402839  0.46447175  0.41178637  0.43714111  0.37733266
  0.40127505  0.31501768  0.33824446  0.30346941  0.31548783  0.3246732
  0.34682195  0.6213407   0.37518853  0.31619324  0.422729    0.63433866
  0.38402266  0.64950507  0.72031839  0.42264642  0.32066668  0.35296564
  0.30728181  0.30726747  0.26583915  0.25724261  0.20643901  0.16235344
  0.138439    0.12824959 -0.01054642  0.06284543 -0.19983409 -0.15896308
 -0.35375204 -0.40497137 -0.61585654 -0.69136397 -0.7800777  -0.88010984
 -0.89219321 -0.89753917 -0.94230861 -0.92501788 -0.9910107  -1.00156351
 -1.01448003 -1.12037071 -1.07730528 -1.08505375 -1.16358477 -1.23808748
 -1.2922063  -1.36709219 -1.48972246 -1.66274818 -1.32905321 -1.74816882
 -1.96598094 -1.67663374 -1.86413096 -1.70761752 -1.78346571 -1.52389903
 -1.50853971 -1.55714389 -1.49720603 -1.5859283  -1.73875276 -1.78103777
 -1.27125045 -1.50029665 -1.36678732 -1.15216767 -1.15194944 -1.26245992
 -1.13363231 -1.03020277 -1.05841819 -0.93562188 -0.86430641 -0.73131187
 -0.50343496 -0.32717294 -0.14518502 -0.08366699 -0.00277925  0.10608617
  0.13029378  0.16001767  0.21511549  0.20129689  0.21397646  0.1927689
  0.18672388  0.18536948  0.17918446  0.17596968  0.17033347  0.17300622
  0.15359995  0.15669383  0.16313199  0.22018973  0.22375271  0.22966399
  0.24926252  0.27973179  0.26115731  0.31188121  0.27702596  0.27898258
  0.2853842   0.30494506  0.36356724  0.35884907  0.6342845   0.63135003
  1.42719048  1.59314648  1.88384187  2.02550528  2.18948594  2.06193149
  2.20543394  2.43051411  2.23071269]"
17,"[-0.42630516 -0.41019788 -0.40183526 -0.39349161 -0.39000264 -0.37243275
 -0.36641946 -0.36398895 -0.36234576 -0.33502066 -0.32398858 -0.31448334
 -0.31604371 -0.31424804 -0.31188684 -0.308987   -0.3045274  -0.27354111
 -0.11037954  0.04722992  0.16696125  0.18878201  0.20176071  0.22737508
  0.25041613  0.32727372  0.32447692  0.27179549  0.31947823  0.31346759
  0.37057487  0.37404284  0.37907525  0.40427783  0.46952639  0.52927239
  0.55358215  0.55256945  0.55646364  0.55807048  0.5779792   0.58546524
  0.65526124  0.59580564  0.75884882  0.76953452  0.64201506  0.69490843
  0.61612513  0.62006051  0.71476594  0.66857722  0.79425304  0.80629513
  0.84488531  0.87708948  0.84531591  1.07567773  1.09048221  1.13508103
  1.29550594  1.09295133  1.09853678  1.12976343  0.94580186  0.96093994
  0.94172269  1.04790617  0.95094873  0.90448328  1.07373113  0.91317305
  0.83928788  0.79463143  0.77347224  0.69854112  0.59334426  0.6005193
  0.68091667  0.61354004  0.60542995  0.61710505  0.58590017  0.5870561
  0.57907031  0.5726341   0.57601557  0.56998084  0.51288444  0.5047332
  0.47998178  0.40707697  0.42727182  0.48155085  0.39108106  0.39990588
  0.35799021  0.38307692  0.34726978  0.34106808  0.29133603  0.23747024
  0.17491087  0.08976598  0.10437447 -0.05072931 -0.20727176 -0.19970104
 -0.27311882 -0.13985961 -0.04871637 -0.04768826  0.1204718   0.10421249
  0.12923987  0.07409732  0.06329732  0.12082443  0.14086377  0.11587832
  0.13456602  0.07937718 -0.09178123 -0.14780897 -0.26286605 -0.15904485
 -0.22991934 -0.00490996  0.00695724 -0.16913754 -0.17696952  0.07767983
 -0.03868125 -0.01753233 -0.23349501 -0.08792014 -0.18112084 -0.25841349
 -0.08724995 -0.05555474 -0.08133116  0.07475501 -0.18920359 -0.07584478
 -0.02006199 -0.13536927 -0.0030172   0.05624746 -0.18095163  0.05378291
 -0.07449802 -0.14377262 -0.11201311  0.00502546 -0.24835449 -0.20769362
 -0.13127844 -0.24993468 -0.1845539  -0.24034661 -0.17745408 -0.19204064
 -0.25294385 -0.23957186 -0.12562242 -0.1844645  -0.03487837 -0.12751853
 -0.23162551 -0.2313919  -0.17913396 -0.23004835 -0.26072282 -0.12503971
 -0.11845826 -0.21860776 -0.22468621 -0.25084237 -0.04567923 -0.22407373
 -0.12518037 -0.11710649 -0.21742447 -0.16491492 -0.20618981 -0.11566613
 -0.20959532 -0.22642072 -0.2282776  -0.11414058 -0.14603426 -0.26839619
 -0.05524832  0.04877362 -0.00623514  0.00906762 -0.01631293 -0.06924539
 -0.06735696 -0.06330519  0.11320372 -0.01118376 -0.26804765 -0.07739789
  0.07261461 -0.04411901  0.04766144 -0.04126978  0.06945562  0.04686591
 -0.11269586 -0.09865986 -0.14909641 -0.16228795 -0.27315951 -0.27583526
 -0.24586478 -0.24677664 -0.30072178 -0.29182527 -0.29137862 -0.28793209
 -0.28138449 -0.30097571 -0.28477965 -0.30437595  0.01270023 -0.17918661
 -0.19801104  0.08298551  0.02102415  0.08790844  0.12664887  0.05927232
  0.04485678  0.14067102  0.1572632   0.17738153  0.19004017  0.22151988
  0.23385411  0.25006999  0.25047443  0.28060159  0.33550075  0.33409271
  0.36216583  0.35656003  0.38743649  0.39079019  0.43215103  0.48581984
  0.43237771  0.49315377  0.49616896  0.52625414  0.48535314  0.54774478
  0.54921963  0.49395918  0.52431521  0.55014038  0.47438295  0.51597417
  0.45692367  0.437013    0.4293183   0.39454592  0.34297078  0.32338387
  0.28009789  0.24247351  0.2265276   0.20162164  0.20570116  0.20350751
  0.21000599  0.19799581  0.17252352  0.17054259  0.1524767   0.15507009
  0.11711161  0.05696578 -0.1051805  -0.23485172 -0.28772513 -0.24680851
 -0.30448937 -0.30723477 -0.30861446 -0.31136821 -0.31191224 -0.31745426
 -0.31952062 -0.31866597 -0.32236505 -0.32021136 -0.33302142 -0.33432915
 -0.34042164 -0.33522036 -0.34650536 -0.335364   -0.35278842 -0.34672158
 -0.36594912 -0.35334937 -0.35296914 -0.36483256 -0.38191083 -0.39044714
 -0.39148775 -0.40428243 -0.41158542 -0.42836438 -0.43552702 -0.4373769
 -0.44151236 -0.44160981 -0.44192109 -0.46174691 -0.44768533 -0.46350036
 -0.46852367 -0.46902034 -0.4738652  -0.48240733 -0.48323473 -0.48323517
 -0.48448641 -0.48794498 -0.49016221 -0.49913359 -0.50679975 -0.51750619
 -0.52212675 -0.53117197 -0.53356427 -0.53569876 -0.54270962 -0.74729772
 -0.69637311 -0.57623992 -0.70841185 -0.57699646 -0.56797768 -0.71471017
 -0.65197349 -0.69169804 -0.81508824]","[ 1.61200390e+00  1.55954380e+00  1.51796794e+00  1.52480318e+00
  1.46403628e+00  1.44232450e+00  1.41795467e+00  1.40292390e+00
  1.33360219e+00  1.32221081e+00  1.28361248e+00  1.20470445e+00
  1.20223586e+00  1.13147254e+00  1.11998053e+00  1.10432318e+00
  1.09994209e+00  1.09374099e+00  1.03570460e+00  1.03213894e+00
  1.02537864e+00  9.57198964e-01  9.46380743e-01  9.36724871e-01
  8.87078080e-01  9.05145419e-01  9.35721175e-01  9.10893406e-01
  9.09104430e-01  8.96550513e-01  8.82442502e-01  8.69817030e-01
  8.30425760e-01  8.81553810e-01  8.62451832e-01  8.23196741e-01
  8.15695599e-01  8.33339160e-01  8.51889310e-01  8.19211725e-01
  8.00494522e-01  7.93111605e-01  7.94676348e-01  7.83870934e-01
  7.83287371e-01  7.77084073e-01  7.56807087e-01  7.50459876e-01
  7.67590278e-01  7.66361103e-01  7.33142125e-01  7.45011571e-01
  7.25677546e-01  7.21989661e-01  7.20233510e-01  7.09893425e-01
  6.99318893e-01  6.93927460e-01  6.90372498e-01  6.68987489e-01
  6.57253147e-01  5.90776525e-01  6.28592079e-01  5.93256080e-01
  5.85246464e-01  5.87790734e-01  6.15802269e-01  6.09865318e-01
  5.85784376e-01  5.94618357e-01  5.86214983e-01  5.77580719e-01
  5.72714209e-01  4.23245055e-01  3.96675819e-01 -1.69175405e-01
 -1.09818180e-01  8.87260646e-02  9.31576464e-02  1.08968243e-01
 -1.24520431e-01 -4.46267937e-02  1.25657390e-01 -2.33653015e-01
 -1.25449835e-01  1.70503480e-01  3.19066982e-01 -9.74297842e-02
  1.41407382e-01 -6.77403340e-02 -5.06622119e-02  7.66042082e-02
  1.50595304e-01 -2.77455127e-01 -2.56830549e-01 -2.81090676e-02
 -1.98788883e-01 -2.95123462e-02 -2.09442423e-01  3.35189540e-01
  3.26544613e-01  5.36844606e-01  5.14752354e-01  5.14982355e-01
  4.30216928e-01  4.28160692e-01  4.42337798e-01  1.76083291e-01
  1.66325363e-01  2.73582524e-01 -2.65769682e-01  2.61784309e-01
  1.35848524e-01  8.77709500e-02 -1.55677709e-02 -5.88324693e-03
  8.61527966e-02  8.41245156e-02  1.15735622e-01  4.13262453e-01
  2.73653219e-01  2.20710040e-01 -1.38051891e-01 -1.98624781e-01
  1.98681366e-01 -2.02689833e-01  2.12972959e-01  3.68396249e-01
  3.12790146e-01  1.45593473e-01  2.39306302e-01  4.75263860e-01
  2.51943461e-01  2.39190382e-01 -2.84644825e-01  4.60099695e-01
  4.77091608e-01  2.01781365e-01  2.73267232e-01  4.75405141e-01
  2.33009077e-01  2.21003379e-01  2.23290439e-01  2.32141695e-01
  2.02865192e-01  1.63208013e-01  1.43100323e-01  3.53393060e-01
  3.10172903e-01  8.33222935e-02  3.05471242e-01 -1.97788028e-01
  2.31205836e-01  2.29451336e-01  3.98505378e-01  2.21951111e-01
  2.93668292e-01  3.95497887e-01  2.15595348e-01  2.11722225e-01
  1.95618383e-01  3.81694840e-01 -1.52484011e-01  3.73702643e-01
  3.72198014e-01  2.74165181e-01  1.80050730e-01  7.63001358e-02
  3.65421794e-01 -1.44329218e-01  4.34018065e-02  3.80066005e-01
  2.76288716e-01  2.78263367e-01  3.81365831e-02  7.64011234e-02
  2.43391577e-02  4.15581261e-01 -1.74017111e-01  1.15921203e-02
 -2.12580061e-01 -2.12574951e-01 -1.82329616e-01 -2.34438781e-01
 -1.13553875e-03  4.62122555e-01  2.75937431e-01  3.02318064e-01
  4.05338385e-01  5.14964313e-02 -1.02093366e-03 -1.45959632e-01
  1.36677510e-03  4.78562324e-01  4.65319596e-01  4.67329397e-01
  4.87188712e-01  5.63794092e-01  5.10067121e-01  4.14453079e-01
  4.89350727e-01  4.91628854e-01  3.20587922e-01  3.25004290e-03
  4.96945863e-01  4.97197187e-01  2.19897843e-02  4.69563569e-01
  5.06786073e-01  3.24924755e-01  4.70364979e-01  4.70863455e-01
  5.31519742e-01  5.35571125e-01  5.32992298e-01  2.42172185e-01
  5.32656588e-01  5.22335453e-01  5.67978767e-01  5.58597438e-01
  4.80060302e-01  5.25196695e-01  5.66413189e-01  5.76998597e-01
  4.05360140e-01  4.80332463e-01  2.53567246e-01  2.82433195e-02
 -2.63940227e-01 -2.11387039e-01 -2.83782119e-01 -2.79851005e-01
 -2.85192798e-01 -2.89072784e-01 -2.97453357e-01 -3.07501378e-01
 -3.17475540e-01 -3.28213579e-01 -3.31190208e-01 -3.49419326e-01
 -3.72213304e-01 -3.66803260e-01 -3.63271973e-01 -3.43664241e-01
 -3.46694109e-01 -3.69233877e-01 -3.77814879e-01 -3.88651390e-01
 -3.98579648e-01 -4.00619206e-01 -4.16932745e-01 -4.44119832e-01
 -4.26890084e-01 -4.48171504e-01 -4.54786172e-01 -4.51387293e-01
 -4.55093321e-01 -4.56894472e-01 -4.69999762e-01 -4.72604180e-01
 -4.72986060e-01 -4.85226496e-01 -4.96826957e-01 -4.98576457e-01
 -5.02091847e-01 -5.04176920e-01 -5.08204471e-01 -5.09052279e-01
 -5.10042533e-01 -5.13993217e-01 -5.87186552e-01 -5.11681040e-01
 -5.83184405e-01 -5.89715752e-01 -5.47249895e-01 -5.87016435e-01
 -5.29971420e-01 -5.36429952e-01 -5.90688371e-01 -5.16067109e-01
 -5.99119218e-01 -5.93731130e-01 -5.99296614e-01 -6.12514623e-01
 -6.14681606e-01 -6.35822193e-01 -6.50383604e-01 -6.21029719e-01
 -6.45163375e-01 -6.53251192e-01 -6.52583864e-01 -6.87956505e-01
 -7.00044350e-01 -6.91553904e-01 -7.06628117e-01 -7.10922828e-01
 -7.26098206e-01 -7.23189999e-01 -7.33070040e-01 -7.52068252e-01
 -7.68241797e-01 -8.03477159e-01 -8.08512772e-01 -8.20661843e-01
 -8.32794374e-01 -8.30448418e-01 -8.60250225e-01 -8.36014593e-01
 -8.36174938e-01 -9.22481840e-01 -1.04007891e+00 -1.01943479e+00
 -1.09781748e+00 -1.10046937e+00 -1.16364310e+00 -1.51392946e+00
 -1.19141752e+00 -1.10448712e+00 -1.49703882e+00 -1.23018902e+00
 -1.06802332e+00 -1.04238276e+00 -1.49423294e+00 -1.39244115e+00
 -1.36711959e+00 -1.35684132e+00 -1.33307502e+00 -1.32926989e+00
 -1.31528250e+00 -1.29847217e+00 -1.25551326e+00 -1.20340629e+00
 -1.17391014e+00 -1.24942708e+00 -1.02372076e+00 -1.04213635e+00
 -1.16141702e+00 -9.71989160e-01 -1.00341094e+00 -9.18298444e-01
 -8.45822227e-01 -8.66528637e-01 -1.01479764e+00 -1.01712480e+00
 -1.01775227e+00 -9.33414438e-01 -9.03351765e-01 -8.64692608e-01
 -8.73437099e-01 -1.00013903e+00 -9.19803661e-01]"
18,"[ 0.69912088  0.68728158  0.69003     0.9377361   0.77613199  0.80149743
  0.88372069  0.76631592  0.74713434  0.96144016  0.75896316  0.78775187
  1.00075097  0.86658212  0.69580263  0.81850862  0.72642071  0.69922067
  0.67995576  0.70074995  0.66857474  0.6211856   0.61042253  0.60337419
  0.58749149  0.59521437  0.56459638  0.5866804   0.55207683  0.58146953
  0.50185855  0.51235843  0.53545718  0.50320317  0.53559252  0.5391278
  0.50962621  0.52788456  0.58303483  0.52811849  0.66416188  0.67907154
  0.62150838  0.6787295   0.68476669  0.65731232  0.65263875  0.63380026
  0.62450965  0.6166502   0.60580833  0.58115393  0.52950707  0.56709662
  0.50040715  0.49638284  0.49920302  0.49534625  0.49164953  0.48801792
  0.48577852  0.48505587  0.48474009  0.48272839  0.48026355  0.467303
  0.47822345  0.46481774  0.46226515  0.45257497  0.43561598  0.42692401
  0.42345142  0.43058147  0.41570098  0.40947958  0.41656146  0.40322316
  0.39689531  0.39634981  0.39128766  0.38154819  0.37484584  0.3678344
  0.22730321  0.15086405  0.15273062  0.07807823  0.03408497  0.00141682
 -0.01970706 -0.03075451 -0.01583594 -0.01858474 -0.01475933 -0.0564274
 -0.07529887 -0.12823335 -0.3638553  -0.31721825 -0.48505947 -0.47658221
 -0.5355167  -0.50169168 -0.53852437 -0.58363687 -0.51149205 -0.5083678
 -0.53680717 -0.54890573 -0.55243428 -0.63825879 -0.64446192 -0.64047775
 -0.55569978 -0.59947451 -0.56054432 -0.58792498 -0.6164206  -0.60979059
 -0.64850123 -0.58087453 -0.73341568 -0.74090708 -0.92111373 -0.83023461
 -0.81566515 -1.01381998 -0.99114523 -0.94974399 -0.85112443 -0.90411635
 -0.9390708  -0.98362788 -0.73975121 -0.74319882 -0.84105124 -0.69373118
 -0.72428693 -0.67712895 -0.68052778 -0.71777823 -0.75471539 -0.70797508
 -0.7560178  -0.81778073 -0.99451782 -0.96464379 -1.06866973 -1.12944794
 -1.14967146 -1.20009862 -1.16721412 -1.1842547  -1.10048891 -1.11392305
 -1.03266984 -1.0146088  -0.80362281 -0.67789802 -0.65903754 -0.55131716
 -0.42572919 -0.34246952 -0.07009142 -0.01879108 -0.00130737  0.02583083
  0.04050913  0.07645021  0.17864671  0.17858802  0.16645963  0.20143752
  0.21535342  0.26940632  0.28811236  0.29064631  0.33001812  0.28037427
  0.27870808  0.27444071  0.30483189  0.29347351  0.36678642  0.34583036
  0.36311164  0.31607672  0.30118883  0.28096773  0.27020433  0.24907168
  0.19785609  0.1608759   0.19955754  0.13338978  0.16257569  0.0967532
  0.07748497  0.03675566  0.02735148  0.01983031  0.02387128 -0.01270248
 -0.00959879 -0.02317966 -0.06799796 -0.06187395 -0.09366896 -0.1181303
 -0.09460984 -0.10214857 -0.1399191  -0.16766571 -0.27800579 -0.31336911
 -0.13563178 -0.27181236 -0.34171864 -0.27434445 -0.16667174 -0.35851707
 -0.4623675  -0.48468562 -0.47104919 -0.24986095 -0.4996676  -0.27557689
 -0.24208379 -0.207393   -0.48177333 -0.42440738 -0.26110699 -0.39585808
 -0.39637071 -0.15536228 -0.41383022 -0.30533693 -0.43611704 -0.28661254
 -0.30255844 -0.12998563 -0.18939486 -0.12774067 -0.18860323 -0.18540078
 -0.21703967 -0.45956244 -0.21965196 -0.23895805 -0.18218371 -0.33297197
 -0.22547793 -0.43978715 -0.23204569 -0.44351213 -0.49988697 -0.38779312
 -0.50510061 -0.23317067 -0.21472634 -0.4234481  -0.35971449 -0.41613603
 -0.2106647  -0.38964389 -0.22078125 -0.16476069 -0.19392413 -0.20831618
 -0.11545322 -0.15508603 -0.11503972 -0.09874102 -0.11003684 -0.1071101
 -0.03082773 -0.05925218 -0.05812517 -0.06549096 -0.00184316  0.00295536
  0.02432467  0.05087334  0.06315567  0.15679017  0.1884811   0.21316613
  0.26656309  0.35415317  0.3593079   0.3724048   0.29624453  0.37583439
  0.37184139  0.35506251  0.3053946   0.26810684  0.25576183  0.3525148
  0.30356806  0.28967698  0.32897046  0.32202419  0.28356052  0.31946484
  0.28517774  0.28531589  0.28563499  0.33155367  0.3319146   0.30957252
  0.26608338  0.23811241  0.24830575  0.25476585  0.22550468  0.23941363
  0.21005841  0.2345427   0.23084683  0.22294949  0.22855302  0.24051601
  0.23281537  0.24399745  0.29861371  0.21918425  0.20991969  0.17840852
  0.17115884  0.18764523  0.14950649  0.11740602  0.12711899  0.15838851
  0.1447482   0.14676099  0.08152788  0.10504192  0.12223303  0.12373847
  0.08213737  0.08328491  0.07878982  0.14180051  0.07860511  0.11208258
  0.09232324  0.11915589  0.09077329]","[ 1.35207844  1.35764626  1.34921275  1.34452755  1.34712621  1.34020706
  1.32711382  1.31917389  1.34663831  1.34478851  1.30823809  1.31300007
  1.3013823   1.29161233  1.27882179  1.27504329  1.26559797  1.25593383
  1.25929781  1.2546534   1.24492924  1.24393172  1.24294841  1.2206076
  1.23110302  1.19972158  1.195031    1.20149648  1.18914739  1.18717202
  1.18188685  1.17610654  1.17560349  1.17428205  1.16781903  1.16202506
  1.15865185  1.12859172  1.10430649  1.13258307  1.09839751  1.13267276
  1.13272851  1.1621215   1.1402543   1.15648407  1.15708057  1.10935481
  1.13029175  1.11404529  1.10532746  1.09337238  1.08118121  1.07617921
  1.0737687   1.07592923  1.06871922  1.06652804  1.04099465  1.03167412
  1.01286987  1.01159791  1.01135656  1.01007024  1.00242159  0.99470943
  0.99361487  0.99095224  0.97561534  0.9716245   0.9808692   0.96489616
  0.96231556  0.95043964  0.94153196  0.92055639  0.9159654   0.90203388
  0.89371672  0.89096719  0.86878202  0.85437702  0.82358514  0.80178412
  0.80237343  0.80055924  0.79873097  0.7927585   0.78138188  0.7733506
  0.77135096  0.76606617  0.76457262  0.75681955  0.75184289  0.7439709
  0.73891709  0.66619441  0.64069001  0.47365574  0.62790765  0.55391163
  0.48765674  0.28630316  0.41829317  0.45166065  0.53489654  0.48912318
  0.29935015  0.54970375  0.30070013  0.2813739   0.33164599  0.35578561
  0.33536852  0.41522943  0.3426204   0.49489393  0.45308891  0.41382028
  0.55535148  0.52482659  0.50225685  0.70749555  0.71834171  0.61805643
  0.73261875  0.66644182  0.72163414  0.7242332   0.68887036  0.71836735
  0.69599949  0.6924321   0.70258014  0.56413263  0.66263593  0.64587444
  0.69029467  0.55240271  0.3672858   0.27597669  0.25354744  0.22644765
  0.1551679   0.05773069  0.04955263  0.04768156 -0.0973073  -0.34043616
 -0.62703034 -0.71133812 -0.9299723  -1.03581919 -1.01709485 -1.04927768
 -1.04134242 -1.03579275 -1.00243896 -1.03701441 -1.0366043  -1.08620383
 -1.14535823 -1.14114844 -1.27637007 -1.16243633 -1.25383511 -1.17224279
 -1.23862337 -1.28207115 -1.30775964 -1.28700105 -1.30085492 -1.18994707
 -1.1529536  -1.23731166 -1.15374752 -1.14033231 -1.13425997 -1.11291768
 -1.11202258 -1.10980057 -1.14298811 -1.16177574 -1.14183129 -1.09462655
 -1.10163418 -1.10766156 -1.21774027 -1.09996201 -1.14695388 -1.15070865
 -1.08268711 -1.05652093 -1.08628027 -1.05670109 -1.08624031 -1.04930653
 -1.05164862 -1.06611923 -1.07331482 -1.07457595 -1.05757502 -0.98472326
 -1.01830038 -1.00714403 -0.93808028 -0.94343699 -0.96284144 -1.00256192
 -0.7102956  -0.70024852 -0.64366242 -0.63698108 -0.59355388 -0.58029386
 -0.74298251 -0.84262862 -0.91715898 -0.85090519 -0.92000232 -0.727462
 -0.97542112 -0.91368769 -0.938397   -0.85640087 -0.85365405 -0.87491771
 -0.95480268 -0.89863414 -0.98462287 -0.95582658 -0.9579724  -0.89169574
 -0.83177542 -0.88051458 -0.96042948 -0.91640479 -0.97693573 -0.83833719
 -0.83593591 -0.91014855 -0.85767574 -0.87181287 -0.74298326 -0.97872492
 -0.67912699 -0.67664832 -0.87706172 -0.84012338 -0.81962954 -0.66455245
 -0.65587931 -0.81603702 -0.7380058  -0.63855107 -0.58382312 -0.56981435
 -0.53043358 -0.45340565 -0.41288571 -0.11176635 -0.26866565 -0.11195548
 -0.13490388 -0.1834374  -0.23898497 -0.15083722 -0.24499438 -0.13639154
 -0.33257016 -0.39282629 -0.46282022 -0.51260292 -0.45670114 -0.4853933
 -0.4691184  -0.56054685 -0.47436276 -0.37058235 -0.36396062 -0.49798535
 -0.53125279 -0.5203405  -0.33123111 -0.3042067  -0.23830898 -0.34455398
 -0.31097069 -0.34735387 -0.54456146 -0.55395935 -0.32504436 -0.43177561
 -0.18585838 -0.15125159 -0.19293432 -0.32811096 -0.07338076 -0.05113881
 -0.06367861 -0.0343875  -0.06141799 -0.01952638 -0.00654706 -0.016973
 -0.00633841 -0.00405388  0.02227667  0.04658193  0.00456252  0.01709572
  0.02675231  0.02826008  0.04005215  0.05065889  0.04808187  0.07983868
  0.05209099  0.13742981  0.1421954   0.14193151  0.09196428  0.12123693
  0.12956969  0.1210202   0.08828709  0.0775048   0.07684525  0.07497568
  0.13189261  0.08816349  0.1576522   0.14597142  0.15949345  0.16107139
  0.22634984  0.23877514  0.24047451  0.16289423  0.2163225   0.24234521
  0.2074069   0.17059812  0.25135998  0.25377341  0.26257013  0.27455543
  0.27338736  0.51914292  0.65243207]"
19,"[ 1.18603052  1.21458834  1.1143461   1.23277012  1.08944606  1.15553636
  1.21898329  1.3639553   1.19054914  1.2128046   1.22666578  1.25636816
  1.2435693   1.13059834  1.14098818  1.26392534  1.08017176  1.18620729
  1.11242166  1.08678696  1.07023339  1.06892277  1.06706221  1.05648423
  1.04242623  1.03998057  1.05552642  1.03490329  1.03287599  1.0219853
  1.01219311  1.015121    0.98699203  1.00713486  0.97836663  0.97302304
  0.97220871  0.972144    0.94889179  0.93195208  0.92209871  0.94899862
  0.94541008  0.95731199  0.94310074  0.94209321  0.949102    0.91891243
  0.90993285  0.90228265  0.89414336  0.84562209  0.83000417  0.78582139
  0.63400773  0.6064277   0.55034904  0.44860041  0.29010631  0.03001597
 -0.02410484 -0.0340936  -0.04459531 -0.05514535 -0.07669599 -0.10385464
 -0.11777905 -0.12196326 -0.12723665 -0.13280623 -0.15732423 -0.16301289
 -0.16894711 -0.18048215 -0.18998597 -0.20265709 -0.28104485 -0.30263722
 -0.28734476 -0.29013852 -0.30325268 -0.323958   -0.33088929 -0.33114846
 -0.35886243 -0.39091637 -0.4004235  -0.37723114 -0.38084431 -0.36385883
 -0.36463427 -0.38452905 -0.37256277 -0.40182791 -0.41599694 -0.43429101
 -0.38929654 -0.46229559 -0.43523018 -0.44405809 -0.45227809 -0.41991522
 -0.43539604 -0.52086043 -0.58745854 -0.56868049 -0.468471   -0.55067571
 -0.54553742 -0.47616487 -0.50855833 -0.50492113 -0.48502661 -0.48366172
 -0.49002993 -0.46831569 -0.46353199 -0.49604736 -0.65656007 -0.60474245
 -0.58700487 -0.52923834 -0.52582764 -0.51857539 -0.64255287 -0.55230346
 -0.63989014 -0.69457849 -0.62072912 -0.61921045 -0.61304391 -0.5218694
 -0.60861271 -0.66228849 -0.56041164 -0.57779551 -0.56413386 -0.66520164
 -0.60171416 -0.60156063 -0.68521712 -0.59538624 -0.58861574 -0.71165078
 -0.72533015 -0.72448706 -0.73392608 -0.72780852 -0.74109862 -0.79116801
 -0.81856009 -0.82996127 -0.85045471 -0.85055069 -0.89029066 -0.90416678
 -0.95559995 -0.97560051 -0.98678556 -0.97774242 -1.06246954 -1.11775112
 -1.03799105 -1.02249362 -1.11428609 -1.4097437  -1.39223069 -1.13285498
 -1.2667806  -1.1225085  -1.33256801 -1.42903088 -1.4663026  -1.26901492
 -1.53078255 -1.54565885 -1.51268375 -1.55156491 -1.54768875 -1.54894496
 -1.47552998 -1.53123382 -1.42376686 -1.42879768 -1.25887375 -1.0119249
 -0.96749295 -0.91013822 -0.90540521 -0.89855275 -0.87879903 -0.87095184
 -0.83750087 -0.77496185 -0.77073944 -0.733091   -0.68851038 -0.4366585
 -0.34654397 -0.3027657  -0.28198555 -0.25297263 -0.23762197 -0.27882097
 -0.27897756 -0.2527211  -0.25071576 -0.20637628 -0.25263666 -0.20070531
 -0.2003501  -0.19192444 -0.18926303 -0.1780573  -0.1667862  -0.1660523
 -0.15896759 -0.15281528 -0.15077072 -0.14473598 -0.12438276 -0.11884413
 -0.11415429 -0.11251989 -0.10695834 -0.09467484 -0.08695127 -0.0576372
 -0.0556275  -0.05045481 -0.04516491 -0.04279425 -0.03875006 -0.03705689
 -0.02992622 -0.02206561  0.04372297  0.25293367  0.44804266  0.6082981
  0.83860575  0.86944495  0.81414607  0.80664785  0.71025631  0.77131808
  0.62426511  0.57176682  0.51798574  0.50775922  0.49629324  0.44642706
  0.44656479  0.19880481  0.1436859   0.07969991  0.02402383  0.04793723
  0.00379186 -0.02185826  0.00177537 -0.00959366  0.0159869   0.09131178
  0.17986095  0.32511016  0.40973839  0.40507684  0.28291864  0.4382592
  0.46146005  0.48271087  0.44483905  0.44764428  0.43582872  0.39308666
  0.38998341  0.47117902  0.55475841  0.5734616   0.67389795  0.8322627
  0.87894057  0.87408852  0.87370272  0.83066337  0.78795856  0.78243205
  0.71420053  0.67704512  0.62522561  0.76851552  0.77435875  0.73035233
  0.58826818  0.57666823  0.51043563  0.54142557  0.49910717  0.49340184
  0.48745615  0.457009    0.43362693  0.36781079  0.353837    0.35209478
  0.20660438  0.19515918  0.19905386  0.34771501  0.34880918  0.34992765
  0.32645873  0.28592611  0.37477045  0.29290346  0.20638065  0.31911354
  0.42871662  0.41560645  0.22426186  0.2782455   0.32454882  0.15642042
  0.1173488   0.11493431  0.40479685  0.30517082  0.24292406  0.13919041
  0.1304385   0.14901458  0.09704001  0.10022743  0.12850417  0.18906138
  0.10350807  0.30323258  0.07858654  0.1047712   0.11812995  0.10478927
  0.16018366  0.06768708  0.26640788  0.26974806  0.10785994  0.1164232
  0.11061221  0.18932325  0.11636844]","[-6.06404332e-01 -4.89163747e-01 -5.03577988e-01 -6.14678747e-01
 -5.59202223e-01 -5.62316025e-01 -6.88865993e-01 -6.25633219e-01
 -5.78974490e-01 -4.61111940e-01 -5.14312867e-01 -5.30962964e-01
 -5.35255280e-01 -5.40234250e-01 -4.69608333e-01 -4.54589637e-01
 -4.41586508e-01 -4.75160380e-01 -4.11320000e-01 -2.91480705e-01
 -2.44572634e-01 -4.17795426e-01 -2.99218028e-01 -2.39476551e-01
 -2.19666188e-01 -1.91381878e-01 -3.70648357e-01 -3.72697098e-01
 -3.98320195e-01 -2.80190541e-01 -2.88278700e-01 -3.49144752e-01
 -1.58816404e-01 -7.04809453e-02  6.02899678e-02 -4.44143410e-02
  7.91361821e-02  2.18880193e-01  2.43891065e-01  2.69229505e-01
  2.87361229e-01  3.23695914e-01  3.79718506e-01  3.93589762e-01
  4.25112223e-01  5.01129506e-01  6.10022790e-01  7.93731531e-01
  1.04472465e+00  1.17027649e+00  1.24447486e+00  1.24533708e+00
  1.15143370e+00  1.24646757e+00  1.14831339e+00  1.09540492e+00
  1.07981335e+00  1.04413523e+00  1.04405354e+00  1.01801953e+00
  1.00359060e+00  1.00348671e+00  9.85408610e-01  8.90583246e-01
  8.38565112e-01  8.10819777e-01  7.45043722e-01  8.20067222e-01
  8.32336828e-01  8.30231468e-01  9.49139765e-01  8.40739571e-01
  8.62887724e-01  8.61190591e-01  6.55421217e-01  6.30404502e-01
  5.50346344e-01  5.21658023e-01  4.37686981e-01  4.26346039e-01
  4.20381931e-01  3.77850411e-01  3.35582851e-01  2.72203932e-01
  2.15996054e-01  9.04484338e-02 -6.94754142e-02 -7.57206083e-02
 -7.98009867e-02  9.03007986e-02 -2.23382185e-02  8.97627444e-02
  1.05536002e-02  9.84225936e-02  1.31550898e-01  1.25442840e-01
  6.08646380e-02  1.70314943e-01  6.96835263e-02 -2.62350264e-03
  5.95609404e-02  1.87178043e-01 -2.71991075e-02 -9.78791771e-02
 -1.45190388e-01 -6.67545449e-02  6.18766519e-03  2.16957699e-03
 -4.97690858e-04  8.30089074e-03 -1.24738452e-04  6.41075814e-03
 -1.55661749e-03 -2.22857675e-03  6.93345185e-02  1.36689502e-02
  2.55535418e-02 -9.23819741e-02 -1.06525204e-01  1.68674254e-01
 -5.80698308e-02 -5.74275770e-02  5.46292641e-02 -5.25686168e-02
 -9.21402585e-02 -4.47481807e-02 -9.01256774e-02 -1.38072665e-01
 -2.79993404e-02 -9.21787234e-02 -2.65578764e-02 -8.95402520e-02
 -1.34126713e-01 -1.18723791e-01 -1.83927883e-01 -1.10418177e-01
 -9.20566468e-02 -9.71105107e-02 -1.02082182e-01 -1.36116550e-01
 -1.66175952e-01 -1.99087210e-01 -2.08070529e-01 -1.73250510e-01
 -2.57022698e-01 -4.03477605e-01 -4.35971563e-01 -5.44252951e-01
 -7.19122497e-01 -7.30042739e-01 -6.62692686e-01 -6.48493005e-01
 -6.53094060e-01 -6.05774450e-01 -6.56384685e-01 -7.35897964e-01
 -7.59891168e-01 -7.98844839e-01 -8.33271152e-01 -8.66680619e-01
 -9.07883304e-01 -9.16235005e-01 -9.50376163e-01 -9.19113170e-01
 -9.59123967e-01 -9.90918547e-01 -1.22461383e+00 -1.33244289e+00
 -9.86493877e-01 -9.66225276e-01 -9.00490142e-01 -8.67070613e-01
 -8.97464184e-01 -8.65836786e-01 -8.98122652e-01 -8.25075212e-01
 -7.97077738e-01 -6.22322733e-01 -4.77351166e-01 -5.31769640e-01
 -6.65950018e-01 -6.76245712e-01 -7.62010263e-01 -7.19703634e-01
 -7.41529949e-01 -7.05312099e-01 -6.44399846e-01 -5.49026248e-01
 -6.82685615e-01 -6.78584697e-01 -7.06548569e-01 -7.81116057e-01
 -7.97345091e-01 -7.46821750e-01 -6.60387208e-01 -6.97530644e-01
 -5.43683242e-01 -3.60522943e-01 -3.59665552e-01 -2.20288010e-01
 -1.53258025e-01  1.26217566e-01  1.99276058e-01  2.69703134e-01
  2.37264981e-01  2.90959399e-01  3.25080620e-01  3.43032446e-01
  3.70399932e-01  4.25684483e-01  4.80984500e-01  4.73207598e-01
  5.61247378e-01  5.76086762e-01  5.63902284e-01  6.17313063e-01
  7.39856720e-01  6.88927712e-01  7.44096073e-01  9.34634261e-01
  1.03953317e+00  1.06635877e+00  1.17053395e+00  1.22072386e+00
  1.24374657e+00  1.21257491e+00  1.30703136e+00  1.20637534e+00
  1.28357388e+00  1.17697383e+00  1.22737470e+00  1.17889478e+00
  1.16390447e+00  1.11492615e+00  1.12855442e+00  1.11527557e+00
  1.10549359e+00  1.04629438e+00  1.12166209e+00  1.20060806e+00
  1.27502234e+00  1.25971818e+00  1.33038809e+00  1.33812232e+00
  1.34463617e+00  1.34992635e+00  1.36283996e+00  1.37444668e+00
  1.39280831e+00  1.42316331e+00  1.43827988e+00  1.46673678e+00
  1.49290650e+00  1.50221084e+00  1.61035326e+00  1.54196349e+00
  1.51045636e+00  1.57316817e+00  1.62662874e+00  1.57131565e+00
  1.54740096e+00  1.51020420e+00  1.49088745e+00  1.46982411e+00
  1.44698362e+00  1.45198925e+00  1.43126265e+00  1.44692461e+00
  1.43583227e+00  1.40781237e+00  1.42251194e+00  1.41775335e+00
  1.39730535e+00  1.38497823e+00  1.36380174e+00  1.35315635e+00
  1.35138040e+00  1.17049570e+00  1.05943754e+00  1.02360589e+00
  8.70746620e-01  6.87677261e-01  5.58416495e-01  5.03653942e-01
  4.08460805e-01  4.01261719e-01  3.67926600e-01  2.96272484e-01
  2.54389737e-01  2.06846442e-01  4.54239177e-02 -2.73503543e-01
 -4.34180456e-01 -5.78931429e-01 -6.94008199e-01 -8.62376686e-01
 -8.73131032e-01 -9.67006558e-01 -1.39185630e+00 -1.80101613e+00
 -1.83505907e+00 -2.01828734e+00 -2.04913657e+00 -1.85581366e+00
 -1.83457784e+00 -1.55090944e+00 -1.73944433e+00 -1.74593627e+00
 -1.41851767e+00 -1.53023874e+00 -9.91645778e-01 -1.23744443e+00
 -1.02662395e+00 -1.13295920e+00 -1.53222953e+00 -1.13988014e+00
 -1.18101702e+00 -9.88645773e-01 -1.00449711e+00 -1.04356297e+00
 -1.05163391e+00 -1.11282492e+00 -1.00315202e+00 -1.20984658e+00
 -9.74333651e-01 -9.91530723e-01 -1.03591538e+00 -1.43047227e+00
 -1.32356966e+00 -1.08775835e+00 -1.08420950e+00 -1.08111860e+00
 -1.41803201e+00 -1.38075214e+00 -1.00298496e+00 -1.08014730e+00
 -1.04529282e+00 -1.08995894e+00 -1.10593749e+00 -1.35414139e+00
 -1.11160737e+00 -1.40386009e+00 -1.11207266e+00 -1.12086101e+00
 -1.06164827e+00 -1.11461569e+00 -1.25414124e+00 -1.25369931e+00
 -1.07796269e+00 -1.55808984e+00 -1.41520559e+00]"
20,"[ 1.07141726e+00  1.09145570e+00  1.09140036e+00  1.19702361e+00
  1.39021112e+00  1.46341871e+00  1.58844807e+00  1.27026440e+00
  1.50927717e+00  1.17574161e+00  1.19645791e+00  1.24717832e+00
  1.44250304e+00  1.37767013e+00  1.16413767e+00  1.49346275e+00
  1.34692013e+00  1.17592335e+00  1.17657363e+00  1.38273254e+00
  1.31431173e+00  1.20433741e+00  1.16335837e+00  1.10369770e+00
  1.14596465e+00  1.00421954e+00  1.00149087e+00  9.97530303e-01
  9.84203141e-01  9.72440288e-01  9.69952732e-01  9.67033897e-01
  8.67740915e-01  8.56092867e-01  8.12345590e-01  8.70548333e-01
  8.97755350e-01  8.70703313e-01  8.07219491e-01  8.16947432e-01
  9.30528326e-01  8.39613393e-01  8.47174852e-01  9.55401353e-01
  8.03884857e-01  8.05406235e-01  8.03372717e-01  8.71271791e-01
  7.58363315e-01  7.62450156e-01  7.54789345e-01  7.57729660e-01
  8.44398085e-01  7.91760921e-01  8.54188211e-01  7.83868293e-01
  7.65936763e-01  7.38409399e-01  7.50701888e-01  7.20105250e-01
  7.15618388e-01  7.27828925e-01  6.98499861e-01  7.08843358e-01
  7.14923580e-01  7.07908001e-01  6.84596210e-01  6.93159965e-01
  6.92320587e-01  6.57261026e-01  6.68497881e-01  6.68753693e-01
  6.62470360e-01  6.52010049e-01  6.77265695e-01  6.85522008e-01
  6.59200286e-01  6.38541662e-01  5.82955611e-01  5.53370951e-01
  5.51317570e-01  5.86756117e-01  6.25722341e-01  6.00084301e-01
  6.59970751e-01  5.97725952e-01  6.76684962e-01  5.97683714e-01
  5.69422958e-01  6.22023333e-01  6.82544085e-01  6.47674476e-01
  6.46292101e-01  6.24287274e-01  6.36534511e-01  6.08203983e-01
  6.22480846e-01  5.94052919e-01  5.51036041e-01  5.48761986e-01
  5.33570522e-01  5.11683362e-01  5.01558173e-01  4.84538171e-01
  4.74102606e-01  4.19399746e-01  3.66069065e-01  3.53569631e-01
  3.93226151e-01  4.11512393e-01  4.05954891e-01  3.88030113e-01
  4.33018937e-01  4.29931346e-01  4.40515368e-01  4.60706491e-01
  4.84486032e-01  4.85346813e-01  4.95805296e-01  4.90078530e-01
  4.87784686e-01  4.95468472e-01  5.02577508e-01  5.21112191e-01
  5.34970002e-01  5.42032145e-01  5.48612175e-01  5.48050202e-01
  5.87147466e-01  5.68937496e-01  6.31590116e-01  5.46946670e-01
  5.37324676e-01  5.32007738e-01  5.25490744e-01  5.16940877e-01
  5.03635914e-01  5.27639506e-01  5.11512895e-01  4.89701998e-01
  4.91769149e-01  5.16075117e-01  4.92296613e-01  4.86425654e-01
  4.70190846e-01  4.75089465e-01  4.63735695e-01  4.12146105e-01
  4.44644418e-01  4.31242372e-01  4.34496688e-01  4.53051273e-01
  4.33759732e-01  4.01315558e-01  4.44499672e-01  3.85976350e-01
  3.84868096e-01  3.94894398e-01  3.64492263e-01  3.53084541e-01
  3.45630678e-01  3.25884511e-01  3.37075421e-01  3.30758860e-01
  3.22281128e-01  3.16674654e-01  3.14654518e-01  3.13899898e-01
  3.08364051e-01  3.04924008e-01  3.04522255e-01  2.65273410e-01
  2.85335045e-01  2.69325113e-01  2.62882504e-01  2.61206685e-01
  2.58069307e-01  2.50275756e-01 -2.45294898e-01 -2.73192885e-01
 -2.84471295e-01 -3.96447263e-01 -1.14525138e-01 -2.64845012e-01
 -2.62603769e-01 -1.43661879e-01 -4.15793735e-01 -3.43437798e-01
  1.44268755e-02 -3.23951677e-01 -9.41440739e-02 -4.12911337e-01
 -3.22029655e-01 -5.86906910e-02  2.50942256e-01  2.08976128e-01
  9.85533566e-02  7.13565115e-02  2.54297351e-01  7.04661358e-02
 -6.33551490e-02  1.69036737e-01  1.82785832e-01  2.59725064e-01
  2.55114996e-01  2.47420376e-01  1.35159151e-01 -2.35498113e-01
 -1.12995362e-01 -2.22175357e-01 -3.04380038e-01 -3.70238769e-01
 -8.37115470e-02  2.08704943e-01 -7.08937756e-02  7.79456204e-04
  1.95016607e-02  1.05529617e-01 -2.20664427e-01  1.40815089e-01
  1.67596802e-01 -2.18722447e-01 -2.17058830e-01  1.04650116e-01
  1.99072720e-01  1.03573188e-01  1.98601706e-01 -1.48490331e-01
 -2.80226216e-03  1.65751279e-01  6.84737137e-02  2.09107467e-01
 -3.59068652e-01 -2.14313612e-01  1.46793266e-01 -4.09787825e-01
  1.42952432e-01 -3.77598919e-01 -2.86677065e-01 -4.16705902e-01
 -3.72427387e-01 -2.11827308e-01 -1.54113244e-01 -3.70280076e-01
 -1.70994144e-01 -4.43070301e-01 -4.46278689e-01 -4.53808461e-01
 -5.15092331e-01 -4.76372008e-01 -4.83942438e-01 -5.21806842e-01
 -5.38191134e-01 -5.67659589e-01 -5.70627933e-01 -5.79609242e-01
 -6.05188777e-01 -6.19549140e-01 -6.06428330e-01 -6.30037960e-01
 -6.42084540e-01 -6.49187071e-01 -6.75721628e-01 -6.82410420e-01
 -6.86033662e-01 -7.04177272e-01 -7.23719354e-01 -7.24579022e-01
 -7.37297295e-01 -7.41421537e-01 -8.58363580e-01 -9.94937319e-01
 -9.99738107e-01 -1.01048808e+00 -1.04105700e+00 -1.16566395e+00
 -1.18134714e+00 -1.48587968e+00 -1.55076170e+00 -1.36446915e+00
 -1.22496897e+00 -1.19002963e+00 -1.20316523e+00 -1.27021900e+00
 -1.47751259e+00 -1.34397370e+00 -1.19228850e+00 -1.48566873e+00
 -1.38450513e+00 -1.19473449e+00 -1.35305527e+00 -1.14366746e+00
 -1.15654200e+00 -1.17303658e+00 -1.11409207e+00 -1.09401137e+00
 -1.04542378e+00 -1.05295231e+00 -1.10017601e+00 -1.04878429e+00
 -1.06282934e+00 -1.13032932e+00 -1.18519270e+00 -1.46589609e+00
 -1.56695090e+00 -1.69002002e+00 -1.70920806e+00 -1.76576048e+00
 -1.86821648e+00 -2.15749316e+00 -1.92492873e+00 -1.97326723e+00
 -2.12775451e+00 -2.33061070e+00 -2.25945565e+00 -2.33376517e+00
 -2.34390211e+00 -2.24154910e+00 -2.20552940e+00 -2.07897383e+00
 -2.00068643e+00 -2.05955252e+00 -1.89883251e+00 -1.87709770e+00
 -1.85809746e+00 -1.69975188e+00 -1.81644471e+00 -1.76117132e+00
 -1.67034284e+00 -1.61223022e+00 -1.59346057e+00 -1.57988586e+00
 -1.53086171e+00 -1.11062413e+00 -1.02710114e+00 -1.01134949e+00
 -9.87198398e-01 -8.37219732e-01 -8.17823595e-01 -8.16834804e-01
 -7.70171835e-01 -9.17539962e-01 -8.87214086e-01 -9.80075089e-01
 -9.65846891e-01 -9.69688836e-01 -9.06948038e-01 -9.18706278e-01
 -9.43004309e-01 -9.67718568e-01 -9.84046279e-01]","[-0.89366807 -0.87668986 -0.85446897 -0.85323194 -0.84648499 -0.76667829
 -0.75682124 -0.7995207  -0.83043649 -0.83818851 -0.81406877 -0.71043496
 -0.65265225 -0.62117037 -0.66686826 -0.78664592 -0.74594849 -0.78933901
 -0.82017651 -0.78992028 -0.79466383 -0.73067562 -0.82661773 -0.81123329
 -0.72152824 -0.75009605 -0.70487322 -0.64156477 -0.69005698 -0.70437859
 -0.62158442 -0.68323746 -0.69795014 -0.62323097 -0.70538344 -0.64140345
 -0.65627313 -0.73076349 -0.69929729 -0.69408532 -0.65057906 -0.61995779
 -0.65694863 -0.63391634 -0.67257829 -0.60964368 -0.59271658 -0.53789494
 -0.40218934 -0.41323674 -0.47928502 -0.41941808 -0.500114   -0.41716122
 -0.51771692 -0.40613031 -0.42108726 -0.42176063 -0.42977998 -0.5183609
 -0.58552724 -0.5891311  -0.42222246 -0.53444445 -0.53090831 -0.51248032
 -0.53801744 -0.57922705 -0.58631344 -0.57510992 -0.54557456 -0.59023367
 -0.5546517  -0.52763819 -0.53063577 -0.48884204 -0.56261163 -0.57190672
 -0.37429439 -0.37250537 -0.35888484 -0.36474999 -0.34613536 -0.37030608
 -0.35419751 -0.3363114  -0.32708727 -0.33235542 -0.28056999 -0.27900678
 -0.27501189 -0.27365892 -0.26682001 -0.25766637 -0.25240395 -0.14493146
 -0.12418889 -0.03333368  0.03384864  0.0759875   0.15902946  0.15905338
  0.18671928  0.1908504   0.22985805  0.22427232  0.27636724  0.21323709
  0.19785284  0.22214183  0.20752755  0.22961476  0.27642608  0.29748981
  0.22969746  0.25870229  0.21979472  0.24919787  0.29225712  0.25652895
  0.35549231  0.26711828  0.32266389  0.38453078  0.38557317  0.35258739
  0.35382888  0.36212737  0.36950176  0.40064086  0.2998554   0.37181854
  0.33764178  0.37262407  0.37508706  0.38023872  0.40102801  0.40571208
  0.40111834  0.40206762  0.40594884  0.40946344  0.40713595  0.41205689
  0.43915104  0.42071493  0.46778565  0.43234131  0.47374178  0.47849335
  0.42738552  0.47859067  0.49979774  0.48356623  0.50617738  0.5135573
  0.54337776  0.5457562   0.55214539  0.5775718   0.55506345  0.60671382
  0.58053784  0.61195478  0.61938385  0.59607399  0.92528417  0.90314039
  0.74854979  0.75474471  0.94170856  0.92602348  0.92937367  0.76675647
  0.59240436  0.63978993  0.61885352  0.77220288  0.90181535  0.72135351
  0.89674464  0.72079662  0.7784541   0.96533129  0.95267687  0.98021596
  1.0085736   1.17424269  1.04456827  0.79726198  1.00935885  0.89106976
  0.60576711  0.55892756  0.56012813  0.56456029  0.71811048  0.71694551
  0.7067578   0.5828338   0.5828729   0.58297443  0.69763885  0.58856762
  0.60455234  0.92011737  0.78552425  0.78751504  0.60106718  0.78784528
  1.01570933  0.59707366  0.69691093  0.69518139  0.68947779  0.73352075
  0.79889682  0.68924923  0.59036665  0.81314071  0.67946215  0.67601174
  0.66893045  0.661346    0.65969167  0.639672    0.65730583  0.85222714
  0.65692321  0.72449471  0.57142276  0.72833671  0.86708833  0.5954641
  0.74759752  0.90388717  0.8850493   0.73627196  0.89908146  0.7376214
  0.81594062  0.82919242  0.74642937  0.84758044  0.81605991  0.80454617
  0.88818494  0.94487258  0.7969598   0.7852738   1.03676347  1.23799119
  0.77990555  0.77446911  1.01965105  0.64432441  0.79880997  0.6306011
  0.52580341  0.52045883  0.51496835  0.51715647  0.51428644  0.5113133
  0.50736237  0.50081001  0.50522799  0.47790677  0.47518238  0.40492845
  0.3419516   0.27241779  0.37137118  0.24435656  0.16168563  0.12599559
  0.09077248 -0.0383451  -0.05588077  0.07848067  0.10423846  0.04450515
  0.04826615 -0.02051353 -0.07207891 -0.10920663 -0.11573695 -0.13139643
 -0.15662886 -0.1486769  -0.13961277 -0.15757074 -0.23302949 -0.25257161
 -0.26864191 -0.27155871 -0.2808788  -0.3262758  -0.35377091 -0.37264206
 -0.3964976  -0.40047952 -0.40676988 -0.41707538 -0.42120685 -0.57306024
 -0.60233303 -0.60958425 -0.60500686 -0.61445233 -0.60965136 -0.61717727
 -0.66930484 -0.71940011 -0.83068586 -0.83618039 -0.84538274 -0.85142558
 -0.85285115 -0.85436594 -0.87801605 -0.8802918  -0.88575203 -0.89634835
 -0.89731852 -0.90453094 -0.90644618 -0.92427281 -0.93757697 -0.94804668
 -0.9656607  -0.96731071 -0.96897897 -0.98906743 -1.09284734 -0.97368814
 -0.96790954 -0.96994889 -1.01721129 -0.97951367 -1.02379329 -1.02560559
 -1.0265745  -1.05314576 -1.07736823 -1.08754796 -1.0927528  -1.1293242
 -1.10556697 -0.98395167 -0.99792826]"
