ant_id,surrogate_x,surrogate_y
11,"[ 0.40033805  0.36247493  0.34801186  0.33838638  0.33759597  0.33530662
  0.32970196  0.31823174  0.31978357  0.30136486  0.27982469  0.27251869
  0.24787694  0.17994228  0.18164122  0.2222388   0.19139013  0.13276574
  0.1611738   0.18650464  0.18985112  0.18870682  0.19506492  0.16724685
  0.15037305 -0.10837276 -0.64682917 -0.68629601 -0.63341782 -0.81117882
 -0.80711486 -0.83269078 -0.83469351 -0.8101664  -0.82078157 -0.78728668
 -0.7945576  -0.60170801 -0.60103614 -0.43949855 -0.57170979 -0.02583064
 -0.09755576 -0.41662797 -0.40918427 -0.28320135 -0.31205361 -0.26440787
 -0.38886101 -0.2330914  -0.58393654 -0.37793756 -0.57594948 -0.4501851
 -0.57286023 -0.20105016 -0.65703317 -0.57374498 -0.57138851 -0.65497343
 -0.65171951 -0.1846853  -0.64959899 -0.71525409 -0.70438068 -0.66378395
 -0.64608946 -0.63540564 -0.66953994 -0.67706796 -0.68248598 -0.70778652
 -0.50780511 -0.72485969 -0.73500232 -0.66427341 -0.73886892 -0.73361355
 -0.74756027 -0.77185008 -0.75305947 -0.71953704 -0.77054669 -0.71490009
 -0.4259311  -0.46244634 -0.47692789 -0.36744848  0.02605462 -0.09552553
 -0.07498419  0.12191591  0.13209429  0.22765963  0.25123994  0.25191777
  0.27553165  0.29317143  0.30442602  0.32295945  0.33306547  0.33665691
  0.34203421  0.34347318  0.39231229  0.40022219  0.41792034  0.4314088
  0.43157755  0.43983111  0.44221851  0.44687276  0.45380918  0.45912422
  0.4666673   0.49054483  0.50641917  0.50911854  0.52287839  0.52875297
  0.53276238  0.54120117  0.55378361  0.55917713  0.55484867  0.62027955
  0.68037119  0.68859088  0.71790729  0.7361213   0.76852138  0.8324587
  0.85260317  0.88309317  0.85259379  0.95436305  0.99039333  1.01660226
  1.03146106  1.04257717  1.05672927  1.05732256  1.06178201  1.14700815
  1.03182419  1.14314324  1.01738698  1.01291783  1.01357429  0.96637191
  1.0045949   0.96441475  0.93514847  0.98871771  0.9442411   0.98138531
  0.88505436  0.88160698  0.921016    0.83756651  0.86755872  0.83624364
  0.78663156  0.76681461  0.78013522  0.81079152  0.7737166   0.75250092
  0.74668595  0.71943384  0.71617058  0.7026125   0.68959464  0.6816541
  0.68039433  0.67203563  0.66688211  0.65561906  0.5765724   0.59414136
  0.64894828  0.53424909  0.55264663  0.53024492  0.52723852  0.52248268
  0.52154864  0.50395669  0.50397292  0.50351887  0.50362599  0.4955701
  0.48972383  0.47509631  0.45977989  0.44303926  0.44068625  0.43894869
  0.43547202  0.4304051   0.43004016  0.42487955  0.41648625  0.40565273
  0.41376172  0.40944467  0.37768787  0.36352174  0.36929253  0.36736191
  0.36344653  0.35934281  0.34319002  0.33951499  0.33773297  0.33728432
  0.33533362  0.32996987  0.3183295   0.30306497  0.30190262  0.28649141
  0.26025363  0.23123123  0.21910784  0.13486279  0.09290326  0.08796528
  0.08847249 -0.57055878 -0.30209657 -0.55757408 -0.62461101 -0.359217
 -0.49977941 -0.69980864 -0.75725445 -0.77077246 -0.79048867 -0.83104348
 -0.83101457 -0.8627992  -0.84567082 -0.88250831 -0.87842386 -0.86934889
 -0.87518541 -0.87469199 -0.89749491 -0.90399774 -0.91103598 -1.02221392
 -0.99863783 -1.15233134 -1.05312786 -1.01195898 -1.16191591 -1.04425381
 -1.13785114 -0.98400662 -0.91157866 -1.04481821 -0.96051979 -1.15260066
 -0.9906606  -0.99673232 -1.01844941 -0.97649015 -0.91040339 -0.95656333
 -0.96263616 -0.93388242 -0.96240862 -0.90029644 -0.89699576 -0.87632849
 -0.83484856 -0.84010367 -0.76005911 -0.75968858 -0.82041564 -0.83680082
 -0.79321951 -0.74475558 -0.79139229 -0.81695842 -0.82444415 -0.8321732
 -0.81877892 -0.75808522 -0.81001509 -0.76756328 -0.79737679 -0.77587675
 -0.70892492 -0.76356597 -0.75900026 -0.71740386 -0.71715234 -0.32943397
 -0.63099791 -0.61579478 -0.61413842 -0.60041958 -0.73098559 -0.37253981
 -0.31655832 -0.12658061  0.07397736 -0.15317291  0.09047954 -0.1547585
 -0.02813564  0.09180035  0.03197039  0.0272395  -0.08089444  0.11046377
  0.06971247  0.06934314 -0.0720662   0.03079424  0.11242813  0.03914185
  0.08329276 -0.15512128 -0.05419367 -0.04851992  0.02545262  0.02423603
 -0.10942098  0.04640004  0.06721945  0.01355993 -0.06990578 -0.07229319
 -0.36537571 -0.29563132 -0.01564168  0.16641138  0.22094615  0.13740936
  0.1213919   0.16848851  0.15812849  0.19935454  0.19957432  0.17763687
  0.20466492  0.22207845  0.2516376 ]","[-1.4821072  -1.46096676 -1.36172315 -1.31460985 -1.29133007 -1.26419563
 -1.19267554 -1.19403852 -1.19075239 -1.18755624 -1.18361995 -1.17843593
 -1.17317172 -1.17032037 -1.16009929 -1.15588518 -1.13259421 -1.12091193
 -1.12474388 -1.12012717 -1.08648778 -1.05483807 -1.04168954 -1.03667319
 -1.02345622 -0.98992279 -0.97302457 -0.92913326 -0.92373489 -0.9184729
 -0.91649793 -0.90622582 -0.86062078 -0.82753137 -0.6597439  -0.50675779
 -0.49786628 -0.38640703 -0.3321604  -0.30981045 -0.3087933  -0.35174671
 -0.30762484 -0.32220587 -0.2071993  -0.21981747 -0.21726367 -0.19949165
 -0.29979057 -0.32642197 -0.20778603 -0.29896488 -0.2938787  -0.35787618
 -0.2360094  -0.2888252  -0.28325347 -0.28794486 -0.28667937 -0.21431525
 -0.23806984 -0.25909437 -0.25686206 -0.25550643 -0.32171874 -0.24944009
 -0.24752902 -0.32832095 -0.24180242 -0.26256796 -0.38907561 -0.32005107
 -0.36975106 -0.34973508 -0.38954575 -0.37041374 -0.36757242 -0.43284683
 -0.41554745 -0.39972935 -0.41562556 -0.44350902 -0.46261348 -0.47478475
 -0.4796239  -0.48069975 -0.52220221 -0.50120452 -0.56998327 -0.53714503
 -0.65842977 -0.65338274 -0.617924   -0.67652659 -0.57612992 -0.53246855
 -0.6087299  -0.58582305 -0.53732912 -0.60569562 -0.60140053 -0.52794573
 -0.53222145 -0.51304735 -0.48841907 -0.45792818 -0.43662823 -0.40015668
 -0.39743342 -0.40300593 -0.351093   -0.28877719 -0.32092288 -0.23219227
 -0.20262631 -0.19866071 -0.1836112  -0.1771024  -0.17389345 -0.1690404
 -0.16256142 -0.15367107 -0.14037368 -0.13711971 -0.11991588 -0.11822731
 -0.03799455  0.26553259  0.29989152  0.34051266  0.34779594  0.36551264
  0.39284001  0.41412498  0.43404573  0.60583239  0.62157124  0.63384114
  0.6462096   0.66999648  0.73582868  0.73874559  0.79443415  0.81636417
  0.83345902  0.87610562  0.99482509  0.87928778  0.89770312  0.96287336
  0.99403122  1.006598    1.13379851  1.00811106  1.03949456  1.14260734
  1.15961622  1.24680272  1.53283029  1.48052196  1.46735515  1.3984807
  1.35926853  1.25553524  1.27192781  1.82126141  1.58249484  1.60099891
  1.27292229  1.76804367  1.23620488  2.20415883  1.55172651  1.36681582
  1.16692605  1.97959683  1.41396938  1.4409607   1.4653678   1.16312945
  1.57559415  1.1393357   1.16223827  1.09164029  1.05400474  0.91707615
  0.94730843  0.96213972  0.8578114   0.80761093  0.76337228  0.75693692
  0.68895823  0.71617868  0.65283427  0.64366924  0.6311794   0.63031093
  0.61669664  0.59145303  0.56776131  0.566035    0.57405414  0.47088042
  0.55635247  0.51998033  0.51762622  0.51522228  0.50919302  0.5772957
  0.59921875  0.59576841  0.58767544  0.56376015  0.47083855  0.46114562
  0.4409528   0.46098128  0.42111856  0.42944965  0.41503904  0.41104544
  0.39737574  0.39159132  0.38650751  0.36305016  0.36065088  0.36273345
  0.32744897  0.31418606  0.29558763 -0.03661552 -0.08747506 -0.13034471
 -0.16171908 -0.1636369  -0.17199784 -0.17975043 -0.19300188 -0.32805325
 -0.38700334 -0.44850121 -0.51519046 -0.6079137  -0.85758209 -0.89430176
 -0.83733033 -0.8966081  -0.8319207  -0.73361031 -0.71827022 -0.69821061
 -0.74865619 -0.70477996 -0.66177705 -0.57975239 -0.54969331 -0.48547454
 -0.4289772  -0.45242013 -0.46581722 -0.38739835 -0.37709018 -0.33570088
 -0.3170939  -0.19617533 -0.17917196 -0.18261485 -0.17659784 -0.17131392
 -0.16500528 -0.16205632 -0.15036273 -0.12097477 -0.11914665 -0.05336598
  0.20585546  0.27342102  0.29352155  0.29696203  0.273766    0.26042213
  0.2785262   0.22823502  0.11821007  0.13963231  0.16520069  0.02889633
 -0.05036942  0.0207635  -0.0894372   0.0330138  -0.0944401  -0.09289775
 -0.04635678 -0.08397928 -0.09452863 -0.08233844 -0.10397466 -0.0052796
 -0.06652209 -0.05430725 -0.09090002 -0.05237622 -0.07376457 -0.08230019
 -0.07688331 -0.05215962 -0.0515909  -0.05556804 -0.07842613 -0.00964434
  0.04715099  0.26923219  0.01194378 -0.00681408  0.10054668 -0.02789468
  0.0428565   0.1966911  -0.01159114  0.05057651 -0.01043794  0.18040543
  0.05306519 -0.02843534  0.0734764   0.0841798   0.02061279  0.08938
  0.15202559 -0.03013233  0.13381191  0.03561933 -0.04597599  0.05804662
  0.05683739  0.17450574 -0.04581442  0.12566503  0.1401611   0.05086081
  0.18115981 -0.03884319  0.19181608  0.13299771  0.10988361  0.1786289
  0.21836319  0.16644417  0.24952476]"
12,"[-3.22611082e-01 -3.13614133e-01 -3.15435163e-01 -3.22683517e-01
 -3.17127715e-01 -3.00187592e-01 -2.85501992e-01 -3.27032194e-01
 -2.85309350e-01 -3.07599232e-01 -3.26711685e-01 -2.79638842e-01
 -3.15539980e-01 -2.87767023e-01 -2.79346458e-01 -2.71934821e-01
 -2.70834818e-01 -2.56208060e-01 -2.52016579e-01 -2.52806355e-01
 -2.45724669e-01 -2.36042971e-01 -2.30355274e-01 -2.44099573e-01
 -2.22318653e-01 -2.21815658e-01 -2.21301231e-01 -2.20714569e-01
 -2.15148893e-01 -2.12123058e-01 -2.10797633e-01 -2.07985761e-01
 -2.07057198e-01 -1.97677942e-01 -1.92132260e-01 -1.73515396e-01
 -1.88125738e-01 -1.90663332e-01 -1.83431641e-01 -1.83287406e-01
 -1.73840602e-01 -1.72458385e-01 -1.74208233e-01 -1.81480740e-01
 -1.71834969e-01 -1.69526470e-01 -1.65871611e-01 -1.60673208e-01
 -1.56129991e-01 -1.43586624e-01 -1.48473888e-01 -1.58351884e-01
 -1.40415002e-01 -1.35628540e-01 -1.34669100e-01 -1.31312983e-01
 -1.29831776e-01 -1.27234221e-01 -1.26605310e-01 -1.21457437e-01
 -1.15705914e-01 -8.86749125e-02 -9.46180926e-02 -1.04754589e-01
 -1.10413902e-01 -9.87389718e-02 -1.12042687e-01 -1.02157020e-01
 -1.12284951e-01 -8.23860800e-02 -8.52455947e-02 -7.93239320e-02
 -5.31849018e-02 -7.54052379e-02 -3.63049297e-02 -6.53366714e-02
 -6.33420951e-02 -7.37465349e-02 -8.07310748e-02 -7.82193349e-02
 -6.64721237e-02 -7.06813852e-02 -5.97486519e-02 -6.37833322e-02
 -4.39171090e-02 -5.31200321e-02 -3.92315320e-02 -4.71149464e-02
 -6.18665436e-02 -5.55461220e-02 -5.66387239e-02 -5.01917901e-02
 -5.95819901e-02 -4.01746650e-02 -3.50260518e-02 -3.75792860e-02
 -3.90085079e-02 -3.33991601e-02 -3.31919708e-02 -3.11031099e-02
 -2.54741180e-02 -2.35575625e-02 -1.97229369e-02 -1.36334339e-02
 -1.28616546e-02  1.57945108e-02  1.47165629e-02  1.62923186e-04
 -2.12259443e-03  1.17097110e-02 -1.08947354e-03 -1.28972949e-02
  1.53123302e-02  1.64053211e-02  1.97602158e-02  1.98863864e-02
  1.78028446e-02  1.85702740e-02  2.31904540e-02  2.32281388e-02
  3.03077791e-02  3.16065862e-02  3.59477579e-02  3.15614735e-02
  3.39659488e-02  3.77484258e-02  3.57840543e-02  4.31777109e-02
  4.25044684e-02  4.40298408e-02  4.89006971e-02  6.74952084e-02
  5.73150064e-02  5.16631410e-02  5.47720459e-02  6.03936111e-02
  6.15896137e-02  6.47187381e-02  7.46090366e-02  7.64424231e-02
  4.87879815e-02  6.85563198e-02  6.52419289e-02  6.53381011e-02
  6.75519071e-02  5.20812290e-02  6.53629797e-02  5.23236378e-02
  7.89274260e-02  7.93422407e-02  6.64840584e-02  5.66698317e-02
  5.82501709e-02  8.10588103e-02  8.07476483e-02  8.11647753e-02
  8.24217731e-02  8.09796478e-02  8.26669940e-02  8.40968440e-02
  8.60959827e-02  8.68583885e-02  9.10410606e-02  8.84651772e-02
  9.20521152e-02  9.47512223e-02  9.14944836e-02  1.21347167e-01
  1.32774211e-01  1.33308403e-01  1.42148870e-01  1.39148074e-01
  1.39592075e-01  1.34618843e-01  1.34728563e-01  1.26811608e-01
  1.24535567e-01  1.14617510e-01  1.03134534e-01  9.37389608e-02
  1.04932397e-01  1.14202237e-01  9.29962951e-02  1.09921043e-01
  1.28498283e-01  1.38420855e-01  1.46477374e-01  1.58084764e-01
  1.59106098e-01  1.73554027e-01  1.75006928e-01  1.78946064e-01
  1.83368790e-01  1.88574677e-01  1.97294986e-01  2.03857435e-01
  2.08641867e-01  2.09039489e-01  2.18888937e-01  2.28451645e-01
  2.33833520e-01  2.42107765e-01  2.51166382e-01  2.65545461e-01
  2.77153557e-01  2.82298000e-01  2.96275265e-01  3.85702477e-01
  2.85937432e-01  3.27263477e-01  3.44541065e-01  3.60633505e-01
  3.89229781e-01  3.94052937e-01  5.20972258e-01  4.71285183e-01
  5.75703508e-01  5.74962121e-01  5.77157219e-01  5.61772291e-01
  6.14813379e-01  5.90837472e-01  6.85015529e-01  6.18573498e-01
  6.13301793e-01  5.55253701e-01  5.17023893e-01  4.22457759e-01
  4.40250899e-01  4.26363258e-01  3.65969370e-01  2.87084888e-01
  2.84265077e-01  2.74935987e-01  2.59914082e-01  2.52820770e-01
  2.40838252e-01  2.30126120e-01  2.37876866e-01  2.28793595e-01
  2.20525030e-01  2.13663292e-01  2.20973146e-01  2.27272948e-01
  2.23742119e-01  2.24130901e-01  2.18591321e-01  2.12597220e-01
  2.09426562e-01  2.08763965e-01  2.05016879e-01  2.03736750e-01
  1.94736923e-01  1.82941778e-01  1.78726226e-01  1.87787853e-01
  1.79898275e-01  1.80300423e-01  1.72754599e-01  1.68624283e-01
  1.64267420e-01  1.60817408e-01  1.68110327e-01  1.67697608e-01
  1.76476787e-01  1.60078915e-01  1.60063365e-01  1.46126134e-01
  1.55260588e-01  1.49839885e-01  1.45422655e-01  1.55004771e-01
  1.37717077e-01  1.25214983e-01  1.31109892e-01  1.32916246e-01
  1.36827291e-01  1.13302785e-01  1.18392664e-01  9.10535539e-02
  8.83029439e-02  8.65625922e-02  8.27312352e-02  5.37454507e-02
  4.76578767e-02  3.55630432e-02  2.64804728e-02  1.70802809e-02
 -1.30950175e-02 -1.93618362e-02 -2.33320820e-02 -2.48259212e-02
 -2.95169578e-02 -3.00110764e-02 -3.42131988e-02 -3.63259947e-02
 -5.73713507e-02 -8.11030617e-02 -1.19071475e-01 -1.13597539e-01
 -1.19010671e-01 -1.19207909e-01 -1.26747361e-01 -1.30702974e-01
 -1.32125689e-01 -1.34224742e-01 -1.34825085e-01 -1.37545503e-01
 -1.44705732e-01 -1.66062795e-01 -1.71919079e-01 -1.92793237e-01
 -1.94622561e-01 -1.97859436e-01 -2.07953910e-01 -2.08022283e-01
 -2.11888067e-01 -2.14009840e-01 -2.22443649e-01 -2.39649704e-01
 -2.43860802e-01 -2.69664884e-01 -2.77067592e-01 -3.27326601e-01
 -3.30131808e-01 -3.32584488e-01 -3.37255327e-01 -3.38091149e-01
 -3.51669407e-01 -3.41089758e-01 -3.51877906e-01 -3.41802350e-01
 -3.64759881e-01 -3.65833066e-01 -3.78975881e-01 -4.13872569e-01
 -4.19982434e-01 -4.30675920e-01 -4.42401835e-01 -4.70167831e-01
 -4.44783797e-01 -5.00963963e-01 -5.40066066e-01 -4.76319909e-01
 -4.91312409e-01 -4.65781574e-01 -4.32889978e-01 -4.29711976e-01
 -3.95081853e-01 -3.69570455e-01 -3.74252880e-01]","[-7.34027122e-01 -6.08921703e-01 -5.56133932e-01 -6.00095305e-01
 -6.67393413e-01 -5.99682158e-01 -5.55267239e-01 -7.48206019e-01
 -7.53517519e-01 -5.55140071e-01 -5.75384408e-01 -7.17842518e-01
 -5.49496896e-01 -5.26361719e-01 -5.47095626e-01 -5.36763839e-01
 -5.29764050e-01 -5.35995463e-01 -4.99515803e-01 -4.51190516e-01
 -4.14067415e-01 -3.61171215e-01 -3.82844253e-01 -3.55597861e-01
 -3.44335213e-01 -3.17639253e-01 -2.94151167e-01 -2.67193079e-01
 -1.55389359e-01 -8.21440192e-02  9.15500842e-02  1.18693224e-01
  2.32881214e-01  5.06110729e-01  5.49789118e-01  5.80025593e-01
  5.94439894e-01  5.63428045e-01  4.90112422e-01  5.23829585e-01
  6.04727793e-01  6.05093413e-01  5.36334617e-01  5.47128626e-01
  5.59482579e-01  6.03274277e-01  6.43679826e-01  6.39236754e-01
  7.11482451e-01  8.04254023e-01  8.02092048e-01  7.71459823e-01
  7.70324296e-01  6.69307340e-01  7.88067446e-01  9.33887889e-01
  9.43576226e-01  9.85279392e-01  1.04195767e+00  9.61747187e-01
  1.06507228e+00  1.11935885e+00  1.08112746e+00  1.07338364e+00
  1.06917949e+00  1.06540415e+00  9.79718081e-01  1.10224184e+00
  1.06034592e+00  9.78886251e-01  9.63707962e-01  9.14708989e-01
  6.93815132e-01  9.14827272e-01  6.81943333e-01  7.50512210e-01
  7.49393862e-01  7.29070668e-01  8.19917984e-01  8.32146927e-01
  9.13824819e-01  7.28472692e-01  8.30110884e-01  8.97345968e-01
  8.56693750e-01  8.67242845e-01  8.80129999e-01  7.24821076e-01
  7.59789291e-01  7.02067477e-01  7.15341433e-01  6.26604024e-01
  8.90637398e-01  6.30219438e-01  6.47750315e-01  6.58741173e-01
  5.94771026e-01  5.76669032e-01  5.70213894e-01  6.09802183e-01
  5.05232887e-01  4.19183531e-01  4.49682430e-01  4.14370621e-01
  2.83373820e-01  4.13706576e-01  4.11485217e-01  4.06547050e-01
  4.05832681e-01  3.16467829e-01  4.88574452e-01  2.16155463e-01
  3.88371981e-01  1.90564078e-01  2.95797448e-01  2.99497338e-01
  1.72328903e-01  1.69877423e-01  7.54104284e-02 -2.45698013e-02
  1.39250524e-02  6.34565501e-02  5.02963416e-03  4.12568215e-02
 -1.16158121e-02  2.47316225e-02 -4.50683236e-02  9.59634902e-02
 -2.91010290e-02 -1.01001876e-01 -1.42847075e-01 -1.44993368e-01
 -1.06566728e-01 -8.90871702e-02 -8.86077976e-02 -1.27412994e-01
 -1.49787132e-01 -8.67378835e-02 -1.19292963e-01 -1.25497671e-01
 -1.11273725e-01 -1.42382781e-01 -1.63401689e-01 -1.48999990e-01
 -1.63708034e-01 -1.23043282e-01 -1.75000810e-01 -1.75521088e-01
 -1.47422966e-01 -2.02501520e-01 -2.10272249e-01 -2.34995452e-01
 -2.03106377e-01 -1.81196125e-01 -1.95319198e-01 -2.23622563e-01
 -2.37905851e-01 -2.24941496e-01 -2.48299724e-01 -2.63943759e-01
 -2.71029586e-01 -2.67258231e-01 -2.75685540e-01 -2.77875455e-01
 -2.98209421e-01 -2.84946211e-01 -2.82267650e-01 -2.63810189e-01
 -2.02647954e-01 -2.17404617e-01 -1.68170124e-01 -1.27714355e-01
  5.61818292e-03  1.18097884e-01 -6.32911075e-02  1.59160765e-01
  2.47155229e-01  2.01046947e-01  2.47103843e-01  2.09429680e-01
  3.74631859e-01  3.83288372e-01  4.99323815e-01  4.53481233e-01
  3.71709481e-01  1.60810815e-01  6.51275559e-02  2.00152228e-02
 -6.59648846e-02  1.67842458e-02 -8.38233335e-02 -1.47973178e-01
 -2.07343381e-01 -2.18600893e-01 -3.17671063e-01 -3.34309968e-01
 -3.97941211e-01 -4.14454954e-01 -6.59193603e-01 -7.85165286e-01
 -1.00489761e+00 -1.11191557e+00 -1.18357089e+00 -1.19075582e+00
 -1.30092283e+00 -1.40330090e+00 -1.62994256e+00 -1.63528774e+00
 -1.64681930e+00 -1.67535786e+00 -1.67511342e+00 -1.67114173e+00
 -1.65739476e+00 -1.69533206e+00 -1.75022345e+00 -1.81586142e+00
 -1.83580754e+00 -1.87935953e+00 -1.92110893e+00 -1.79639738e+00
 -1.81416845e+00 -1.78913248e+00 -1.76729908e+00 -1.72340083e+00
 -1.69703230e+00 -1.63311612e+00 -1.62478782e+00 -1.52765608e+00
 -1.61333489e+00 -1.49322107e+00 -1.30218738e+00 -1.34456971e+00
 -1.29734434e+00 -1.21375696e+00 -1.18601440e+00 -1.11568918e+00
 -1.08908085e+00 -1.02408374e+00 -9.52430196e-01 -6.88814858e-01
 -5.30906907e-01 -6.14104668e-01 -5.67484433e-01 -4.73770316e-01
 -4.05828409e-01 -3.59268596e-01 -3.59115668e-01 -3.56095855e-01
 -2.93782170e-01 -2.51765924e-01 -2.21994284e-01 -2.21804376e-01
 -1.46555909e-01 -1.56928644e-01 -1.35061695e-01 -1.33964165e-01
 -8.39033411e-02 -7.18853246e-02 -6.87399271e-02  6.52917998e-03
 -1.78052457e-02  1.16009747e-03  1.66437458e-01  2.28949862e-01
  1.27934769e-01  1.31812144e-01  3.32159884e-01  1.67780392e-01
  3.66123990e-01  5.09292393e-01  5.10822272e-01  5.83790051e-01
  5.16101457e-01  6.05919099e-01  4.63802169e-01  6.02992016e-01
  4.77376821e-01  5.22429030e-01  6.32030780e-01  6.48789671e-01
  8.26318853e-01  6.97859773e-01  8.92172135e-01  8.84985882e-01
  9.11411626e-01  1.02759728e+00  9.50625067e-01  9.39249868e-01
  9.49161413e-01  1.08738972e+00  1.09807884e+00  1.12974840e+00
  1.15965180e+00  1.13558659e+00  1.13769240e+00  1.15701697e+00
  1.15721006e+00  1.29920256e+00  1.28268246e+00  1.35759411e+00
  1.25831896e+00  1.30316934e+00  1.26470159e+00  1.17537331e+00
  1.20175646e+00  1.09837103e+00  9.46172371e-01  9.88831109e-01
  9.18295965e-01  7.98701433e-01  8.13788720e-01  6.34648710e-01
  6.74101259e-01  6.34182488e-01  6.33825828e-01  5.77775816e-01
  3.63047095e-01  4.54544698e-01  3.61304891e-01  1.36186037e-01
  7.95021294e-02 -9.76688444e-02 -1.36978194e-01 -1.93646269e-01
 -2.17611533e-01 -2.72618458e-01 -3.08623295e-01 -3.38309577e-01
 -3.81031144e-01 -4.61856636e-01 -4.89916894e-01 -4.77820400e-01
 -4.07018491e-01 -4.51779181e-01 -5.31989321e-01 -6.97585791e-01
 -5.11385640e-01 -6.19654879e-01 -7.94014841e-01 -7.71511343e-01
 -8.27716128e-01 -8.84376257e-01 -8.41311180e-01 -7.94638167e-01
 -9.55596636e-01 -8.41564636e-01 -7.25176912e-01 -4.96844936e-01
 -4.17706865e-01 -3.88293285e-01 -4.06004175e-01]"
13,"[ 8.89451345e-01  8.82438854e-01  8.65082132e-01  7.93814357e-01
  7.80137994e-01  7.30311044e-01  6.96449399e-01  6.90198110e-01
  6.41895836e-01  6.30677121e-01  6.24417009e-01  6.36428067e-01
  5.39311929e-01  5.25022693e-01  5.07413989e-01  4.86931051e-01
  4.81514590e-01  4.67604871e-01  4.55515976e-01  4.37272335e-01
  3.97129317e-01  3.90426781e-01  3.72973768e-01  3.84762096e-01
  2.32310138e-01 -9.69954294e-03  8.58098831e-02 -2.70300418e-02
 -1.03682378e-01 -3.00691155e-01 -3.00578000e-01 -6.12582080e-02
 -6.42822790e-02 -2.88623734e-01 -6.58027783e-02 -3.54832649e-01
 -4.68082768e-01 -7.00425888e-01 -6.55709184e-01 -5.64780846e-01
 -7.17220090e-01 -6.77673859e-01 -8.01356947e-01 -9.35907070e-01
 -8.73092840e-01 -8.80200127e-01 -8.69353181e-01 -9.37963801e-01
 -7.54208666e-01 -9.29318257e-01 -9.15613064e-01 -7.85992685e-01
 -9.41917302e-01 -6.28138296e-01 -6.86003664e-01 -6.26390224e-01
 -6.41177415e-01 -7.45988769e-01 -6.55551649e-01 -8.96024413e-01
 -8.59446895e-01 -8.52925471e-01 -8.07509563e-01 -8.55081553e-01
 -9.17252915e-01 -8.61488587e-01 -8.67096914e-01 -8.36721217e-01
 -9.04422111e-01 -6.81655669e-01 -7.15432319e-01 -9.74024936e-01
 -9.25652014e-01 -9.07176811e-01 -7.38588752e-01 -6.65989418e-01
 -6.58490915e-01 -8.72300554e-01 -8.67634673e-01 -8.62062097e-01
 -9.54270630e-01 -9.55456614e-01 -9.74194208e-01 -9.47241949e-01
 -9.81027611e-01 -1.01586456e+00 -1.03836403e+00 -1.05948473e+00
 -1.06880594e+00 -1.09172552e+00 -1.14411292e+00 -1.23044750e+00
 -1.26966289e+00 -1.47801236e+00 -1.56248831e+00 -1.16214392e+00
 -1.15677000e+00 -1.44915492e+00 -1.40958319e+00 -1.19906788e+00
 -1.16242396e+00 -1.20437849e+00 -1.19758813e+00 -1.14186497e+00
 -1.36876851e+00 -1.10799047e+00 -1.09994212e+00 -1.14363121e+00
 -1.14279124e+00 -1.19809259e+00 -1.09471738e+00 -1.06780098e+00
 -1.06636342e+00 -1.01804966e+00 -9.77959000e-01 -9.56824825e-01
 -7.42537147e-01 -6.43384006e-01 -5.77286173e-01 -4.78395806e-01
 -3.33821916e-01  2.54190040e-01  3.27918903e-01  3.65859593e-01
  4.18691977e-01  4.42151414e-01  4.63029012e-01  4.85320998e-01
  5.24528373e-01  5.66860829e-01  6.35882076e-01  6.50855459e-01
  7.29877605e-01  7.70687289e-01  7.81673945e-01  7.90504590e-01
  8.69030521e-01  8.78123722e-01  8.76702581e-01  8.09157090e-01
  8.69037689e-01  8.30260667e-01  7.76364905e-01  7.74973986e-01
  7.68245814e-01  6.59003482e-01  6.38839069e-01  6.39388188e-01
  5.09708095e-01  4.73090175e-01  4.41927675e-01  4.24510048e-01
  4.10069824e-01  3.91596303e-01  3.55473103e-01  2.30465957e-01
 -3.55406894e-01 -6.75511766e-02 -4.48730882e-01 -4.68845866e-01
 -6.06899194e-01 -6.24128270e-01 -4.81600706e-01 -2.32613830e-01
 -1.95773007e-01 -5.43672129e-02 -2.03714394e-01 -4.40763978e-02
 -1.85602021e-01 -2.78956331e-01 -2.94251854e-01 -3.08739004e-01
 -1.69349906e-01 -3.80484342e-02 -1.82823171e-01  8.38657772e-02
  1.01027733e-01 -3.44768414e-02  6.39213019e-02  3.87566961e-02
  1.23781863e-02  1.72935398e-01  1.68610652e-01  2.68989141e-01
  3.11850063e-01  2.71192587e-01  2.75543662e-01  2.93838645e-01
  1.77487839e-01  1.43042832e-01  1.44969274e-01  2.25552009e-01
  2.48752927e-01  2.94790406e-01  1.32429823e-01  1.24370619e-01
  2.47574285e-01  2.33709946e-01  2.82140497e-01 -3.18509924e-02
  2.86911121e-01  3.19833340e-01  2.80939268e-01  2.20490807e-01
  6.50162221e-02  1.85483020e-01  2.08993488e-01  1.98866271e-01
  2.89152679e-01  9.98212660e-02  3.13113640e-01 -1.73687420e-03
  6.39180376e-02  1.07149194e-01  1.16926613e-01  1.35446369e-01
  1.37920548e-01 -1.85703565e-01  4.11907974e-02  2.78657503e-01
  1.51714122e-01  9.73325328e-02  4.08445991e-02  3.22232737e-02
  7.03965647e-02  1.75959738e-01  9.56332857e-03  1.76456328e-01
  2.43485373e-02  2.19805840e-02 -2.38881484e-01 -2.84860727e-01
  7.67836911e-03  1.40753205e-01  1.76428074e-01  1.63542056e-01
 -1.86206448e-01  1.54213384e-01  1.46572238e-01  7.73066466e-02
 -8.00689825e-02 -1.70994132e-01 -1.74666165e-01 -1.53113272e-01
 -1.51002367e-01 -1.17657227e-01  1.94869388e-01 -1.14321072e-01
 -4.93842150e-01 -5.67451421e-01 -4.94963205e-01 -4.99252794e-01
 -5.33903993e-01 -3.32215484e-01 -5.38751422e-01 -2.89293911e-01
 -5.45732713e-01 -3.99840822e-01 -5.59158205e-01 -5.80393061e-01
 -6.02463402e-01 -5.79200547e-01 -3.98854872e-01 -3.96568134e-01
 -4.49861613e-01 -4.54507097e-01 -5.85222288e-01 -5.58374143e-01
 -4.22746749e-01 -4.58117315e-01 -4.60861320e-01 -3.75879630e-01
 -3.93325535e-01 -4.26768528e-01 -4.47964168e-01 -3.15152752e-01
 -1.18024721e-04 -8.05147215e-02 -2.69074470e-01 -4.30684832e-02
 -2.99452368e-01  6.01699881e-02  1.62898205e-01  3.00378445e-01
  2.26158049e-01  3.22551764e-01  3.40929742e-01  3.96627569e-01
  3.83571680e-01  4.21287483e-01  4.21404771e-01  4.22288956e-01
  4.47921365e-01  4.35839961e-01  4.43237557e-01  4.43306804e-01
  4.75370746e-01  4.87162591e-01  5.41634221e-01  5.75757007e-01
  5.32048777e-01  6.17433262e-01  5.66689971e-01  5.26440765e-01
  5.64015355e-01  5.61484926e-01  5.80739174e-01  6.13620453e-01
  6.17272754e-01  6.44352038e-01  6.52876119e-01  6.44661593e-01
  6.71442468e-01  7.23267893e-01  7.43002014e-01  7.60341967e-01
  7.27151035e-01  7.72905614e-01  7.85432460e-01  8.44099456e-01
  8.82736251e-01  8.89935990e-01  8.90006815e-01  8.95842569e-01
  8.97918045e-01  8.98628032e-01  9.00176059e-01  1.10431265e+00
  1.00362316e+00  1.01892032e+00  1.10037377e+00  1.00843292e+00
  1.00597313e+00  1.02965826e+00  1.25425939e+00  1.19906898e+00
  1.02109852e+00  1.09551336e+00  1.23267499e+00  1.08706797e+00
  9.90812909e-01  9.31003626e-01  9.89687389e-01  9.57844995e-01
  9.71068147e-01  9.20117158e-01  9.41301154e-01  9.22606232e-01
  1.00243081e+00  9.33656938e-01  9.37050215e-01]","[ 1.42578414e+00  1.28347449e+00  1.12055163e+00  1.09511495e+00
  1.11367518e+00  1.05346365e+00  1.05832787e+00  1.04289635e+00
  1.04027184e+00  1.03107276e+00  9.95291460e-01  9.46945959e-01
  8.54124857e-01  9.01946251e-01  8.90459654e-01  8.31565455e-01
  8.07287671e-01  7.92966168e-01  7.49742762e-01  7.46572071e-01
  7.29743506e-01  7.16733486e-01  6.91008076e-01  6.65117618e-01
  6.50614520e-01  6.42647394e-01  6.27031925e-01  6.03294813e-01
  5.89658728e-01  5.86944860e-01  5.86570453e-01  5.85588660e-01
  5.78751764e-01  5.60571222e-01  5.49223311e-01  5.46100054e-01
  5.30529478e-01  5.27985174e-01  4.65360932e-01  5.21405986e-01
  4.55788486e-01  5.24627731e-01  5.24186727e-01  4.65760193e-01
  5.06728430e-01  4.96877377e-01  3.94618610e-01  4.27389693e-01
  4.88119393e-01  4.51669501e-01  4.48144129e-01  4.42874181e-01
  4.67605533e-01  4.23961903e-01  4.16391766e-01  4.15108488e-01
  4.13102738e-01  4.47180593e-01  4.33173862e-01  4.08968563e-01
  3.94826695e-01  3.95377033e-01  4.33146499e-01  4.08446665e-01
  3.98478771e-01  3.91001060e-01  3.79008246e-01  3.65261887e-01
  3.64990813e-01  3.63547849e-01  3.76757188e-01  3.69278929e-01
  3.41762363e-01  3.30974548e-01  3.29676055e-01  3.53595898e-01
  3.58847161e-01  3.51711474e-01  3.43517437e-01  3.42305840e-01
  3.41903984e-01  3.38793957e-01  3.27905711e-01  3.35983940e-01
  3.24436785e-01  3.25582512e-01  3.23556501e-01  3.19214508e-01
  3.18849415e-01  3.18006503e-01  3.15613719e-01  3.13138247e-01
  3.03685324e-01  3.02566708e-01  2.98648426e-01  2.98476558e-01
  2.98383662e-01  2.94636842e-01  2.92463014e-01  2.83877700e-01
  2.81933172e-01  2.80181691e-01  2.79612899e-01  2.79535587e-01
  2.78637481e-01  2.60421776e-01  2.54397689e-01  2.51320159e-01
  2.16192291e-01  1.48417474e-01  2.06338167e-01  8.79946990e-02
  1.27712043e-01  9.81398642e-02 -1.04625754e-01 -2.58535743e-01
 -2.69312229e-01 -2.96898178e-01 -4.31075669e-01 -4.66548919e-01
 -5.02669648e-01 -5.19714859e-01 -5.47546898e-01 -5.86279514e-01
 -7.68151461e-01 -7.30109986e-01 -7.69788282e-01 -7.03551737e-01
 -8.63618960e-01 -7.92296748e-01 -9.74815292e-01 -9.94726408e-01
 -9.21762920e-01 -1.04097887e+00 -1.27762802e+00 -1.57944746e+00
 -1.61852693e+00 -1.64867112e+00 -1.68488047e+00 -1.67961605e+00
 -1.83466863e+00 -1.74738848e+00 -1.62023775e+00 -1.58785814e+00
 -1.58986821e+00 -1.56811324e+00 -1.46328936e+00 -1.52680270e+00
 -1.38480535e+00 -1.09095830e+00 -1.04493880e+00 -8.99524744e-01
 -7.93891364e-01 -6.91431008e-01 -5.52693347e-01 -5.26038312e-01
 -4.72619043e-01 -3.88350037e-01 -4.46190567e-01 -3.83255796e-01
 -3.45605548e-01 -3.43226394e-01 -3.28668264e-01 -4.27839905e-01
 -4.13177290e-01 -3.77153080e-01 -4.55207381e-01 -4.50589855e-01
 -4.36867409e-01 -3.65553702e-01 -4.07290256e-01 -4.47191992e-01
 -4.06667591e-01 -3.96504852e-01 -3.47005533e-01 -3.23898507e-01
 -3.89228033e-01 -3.22027606e-01 -3.10564206e-01 -2.86189554e-01
 -2.64913736e-01 -2.06367761e-01 -6.71690502e-02  2.36301387e-02
  6.80095340e-02  1.09215650e-01  5.95866053e-02  9.96088452e-02
  1.25861145e-01  1.04598731e-02 -4.49688269e-02  9.45836253e-02
 -2.82552758e-03 -4.77010493e-02 -1.05737920e-03 -4.79011439e-02
 -3.77741334e-03  8.81080286e-02  2.67313230e-02 -3.23705802e-02
  3.19718336e-02  3.23265263e-02  3.29707137e-02 -1.25038692e-02
 -6.26835794e-03  1.38494768e-02  5.25561312e-02  4.53094597e-02
  2.08192982e-02  4.38751256e-02  9.65034066e-02  9.70027855e-02
  1.11119585e-01 -4.84060208e-02 -1.33916014e-01 -1.27519408e-01
 -2.04085525e-01 -1.68878855e-01 -1.59327095e-01 -2.50071323e-01
 -1.22831335e-01 -1.48127946e-01 -2.47047163e-01 -1.20000648e-01
 -2.00527510e-01 -2.07253711e-01 -2.30737072e-02 -1.35177471e-01
 -1.65678205e-01 -6.99757030e-02 -1.40063385e-01 -1.41170055e-01
 -1.42632302e-01 -1.46237418e-01 -1.70189940e-01 -1.43819519e-01
 -1.77316434e-01 -6.37727249e-02 -2.40016573e-01 -1.46018942e-01
 -6.82804399e-02 -8.97932037e-02 -8.75746416e-02 -2.25254533e-01
 -1.13707945e-01 -1.66901587e-01 -1.19419924e-01 -5.43482465e-02
 -2.68546631e-02  1.05876964e-01  8.41365021e-02  1.31958714e-01
  1.13326020e-01  1.37640720e-01  1.89533703e-01  1.77365703e-01
  1.88167408e-01  1.69907968e-01  1.63355875e-01  1.89977158e-01
  1.90666114e-01  1.91376236e-01  1.56911424e-01  1.94354090e-01
  1.78596664e-01  1.96604654e-01  2.02473927e-01  2.21343069e-01
  2.06834956e-01  2.27720430e-01  2.11180009e-01  1.86333826e-01
  1.56498146e-01  1.56469120e-01  1.55931152e-01  9.15785775e-02
  4.68204329e-03  9.03220643e-02  3.42507361e-02  8.86521407e-02
 -4.71828091e-02 -2.16046557e-01 -1.99455022e-01 -1.39166956e-01
 -2.41319912e-01 -8.56872600e-02 -7.69848006e-02  2.14060053e-02
 -5.46898831e-02 -7.02697575e-02 -3.23744920e-02  2.59113956e-02
  1.28357339e-01  1.28471297e-01  1.33897046e-01  1.42899453e-01
  2.02908233e-01  2.39027003e-01  2.41654714e-01  2.74967964e-01
  2.49628572e-01  2.27776932e-01  2.39299236e-01  2.30012492e-01
  2.21153660e-01  2.36620760e-01  2.48983295e-01  1.67323797e-01
  1.38550634e-01  1.30571870e-01  1.27829333e-01  1.20798962e-01
  7.05733495e-02 -1.72779929e-02 -6.33078870e-02 -2.08409334e-02
 -4.83972384e-02 -1.91995485e-01 -2.51724076e-01 -2.87130591e-01
 -2.73929685e-01 -3.03200531e-01 -3.07240723e-01 -3.17382780e-01
 -3.18489031e-01 -3.61711775e-01 -4.67051392e-01 -4.76743730e-01
 -4.81719743e-01 -4.99787679e-01 -5.13471992e-01 -5.39312389e-01
 -5.44415820e-01 -5.66641794e-01 -5.73647660e-01 -5.92733312e-01
 -7.02049253e-01 -7.59360163e-01 -7.99577801e-01 -8.70939973e-01
 -7.18754721e-01 -7.48873590e-01 -6.46877470e-01 -6.48972077e-01
 -6.11543492e-01 -7.00768098e-01 -6.74250966e-01 -5.99385269e-01
 -6.56834626e-01 -7.34232109e-01 -6.90815559e-01]"
14,"[-0.34977951 -0.35902492 -0.36791712 -0.36761565 -0.34379832 -0.34297142
 -0.34114612 -0.33521158 -0.30821571 -0.3007353  -0.31017388 -0.29658572
 -0.28962836 -0.27387654 -0.27258418 -0.28312613 -0.25054614 -0.25706621
 -0.23991523 -0.23798319 -0.23241029 -0.19617495 -0.18572521 -0.18008821
 -0.1662128  -0.1150861  -0.00378393 -0.02426631  0.02691654  0.04991584
  0.05979411  0.08140882  0.10899006  0.11809819  0.12330321  0.14681619
  0.17027701  0.19129777  0.20391563  0.23705552  0.24655247  0.26246059
  0.32507831  0.42770969  0.52228229  0.65462035  0.63450501  0.67196159
  0.71885015  0.70769799  0.72891518  0.73399187  0.68464555  0.7038021
  0.65898335  0.66058211  0.6586061   0.65319431  0.65653257  0.5706371
  0.47579782  0.44199496  0.47907401  0.44954721  0.46173873  0.44035039
  0.48315184  0.46464292  0.48760942  0.48044911  0.48167202  0.48120034
  0.52091785  0.54698125  0.49350183  0.52626163  0.57421445  0.59145451
  0.56807839  0.59585773  0.62240907  0.55969119  0.59328225  0.60875544
  0.61037543  0.6516791   0.64972972  0.5387073   0.5491735   0.6216851
  0.6282757   0.61605158  0.6025956   0.49972103  0.44045805  0.46641195
  0.45361393  0.42652116  0.38449249  0.36620207  0.36947588  0.34353774
  0.33984415  0.3033506   0.34041257  0.32232144  0.32451038  0.27856482
  0.29979176  0.30331035  0.28945493  0.283562    0.25844904  0.25000926
  0.24566678  0.2221366   0.19298995  0.171542    0.15549663  0.12517947
  0.12099153  0.11822034  0.11233688  0.06675509  0.05491045  0.04036306
  0.03300821  0.00420355 -0.03227959 -0.11649084 -0.18275684 -0.21604019
 -0.23675321 -0.25694431 -0.26799584 -0.27811593 -0.30937151 -0.34030018
 -0.34824908 -0.37072382 -0.37888054 -0.39792067 -0.40663354 -0.4329027
 -0.49465989 -0.4954241  -0.49781004 -0.53224006 -0.51828785 -0.54221894
 -0.61621305 -0.65936139 -0.9474523  -0.96557933 -0.98292093 -0.98641947
 -1.02979326 -1.05262682 -1.06407578 -1.10071803 -1.10520403 -1.11068185
 -1.13287615 -1.22326855 -1.25140055 -1.2853834  -1.30453566 -1.38157558
 -1.40100551 -1.44617647 -1.45630502 -1.41133227 -1.30728859 -1.56498127
 -1.3385607  -1.37799413 -1.29247927 -1.34747031 -1.3660577  -1.28543982
 -1.25475379 -1.23380259 -1.19871664 -1.21057675 -1.19170976 -1.16235898
 -1.10645729 -1.10503642 -1.0919691  -1.05381028 -1.05231188 -1.00737296
 -0.98528987 -0.973877   -0.96323649 -0.95102732 -0.94677275 -0.63244473
 -0.56633832 -0.5530681  -0.54193048 -0.62573681 -0.54885888 -0.70858668
 -0.92733302 -0.61427298 -0.57313598 -0.81404347 -0.71686269 -0.86072679
 -0.65849752 -0.71675257 -0.7368072  -0.88835713 -0.76293103 -0.89750151
 -0.63416232 -0.76312838 -0.64653751 -0.58102536 -0.54417706 -0.53469421
 -0.54014428 -0.50341461 -0.53158813 -0.54801853 -0.54188169 -0.51071601
 -0.49476024 -0.49470325 -0.49691318 -0.49319421 -0.49203049 -0.48566805
 -0.48305527 -0.48168798 -0.4384099  -0.47582525 -0.41764338 -0.41322094
 -0.40766795 -0.39674174 -0.38771295 -0.3837275  -0.37868546 -0.36042789
 -0.33802188 -0.33427437 -0.26843902 -0.26417173 -0.239105   -0.21743827
 -0.23397933 -0.19916389 -0.17705056 -0.17046717 -0.17913785 -0.15364704
 -0.13315395 -0.13118899 -0.06679359 -0.11294238 -0.10740721 -0.12171239
 -0.0839931  -0.0745778  -0.0843038  -0.05238002 -0.09553651 -0.07510001
 -0.07199729 -0.0592937  -0.04127315 -0.03816905  0.01523057  0.0054296
  0.02560609  0.05393906  0.06757095  0.08953639  0.10341165  0.12093194
  0.13083834  0.14704891  0.15612766  0.1826885   0.22723623  0.24758634
  0.28346789  0.35167998  0.43844549  0.50560694  0.65898196  0.67319336
  0.72641732  0.73476288  0.73710057  0.74865661  0.75133975  0.7529773
  0.75434282  0.75468383  0.77765742  0.7572212   0.77882399  0.78121881
  0.79067213  0.80007814  0.8018052   0.82056353  0.83072577  0.85112147
  0.85535412  0.87322472  0.83604553  0.87551327  0.87993918  0.8848878
  0.91023004  0.9594961   1.00674969  1.00715655  1.05860893  1.14094893
  1.17634439  1.22381348  1.24710516  1.24922796  1.26803903  1.30270373
  1.59033259  1.36968982  1.26592402  1.26406011  1.7007485   1.76357353
  1.49199889  1.50800296  1.51038621  1.33150736  1.6409657   1.3677596
  1.51744035  1.29033693  1.71803506  1.34785706  1.48280972  1.71033483
  1.40099744  1.28072014  1.58815395]","[ 0.24577948  0.20217781  0.19276916  0.1954821   0.20453169  0.2180976
  0.22691269  0.22763077  0.23214842  0.27413208  0.26683757  0.25336079
  0.25077364  0.24769799  0.27423722  0.29341277  0.28337414  0.30044174
  0.30141655  0.31894828  0.32833975  0.33605112  0.39504366  0.57362783
  0.54274385  0.62054883  0.66407565  0.84268026  0.98124344  1.0936939
  1.05212945  1.08081076  1.09164523  1.09723732  1.15695052  1.12973869
  0.87723277  1.25740812  1.13397291  0.78963511  0.80512548  0.72088699
  0.58670398  0.47802389  0.46679276  0.45732017  0.37519677  0.3758567
  0.38199729  0.34767368  0.48192167  0.40998285  0.43652571  0.45694107
  0.45144232  0.48891524  0.4623309   0.64567392  0.63066263  0.77770727
  0.72507013  0.72317806  0.88241941  0.90028157  0.90386367  0.69926401
  0.6674139   0.69906535  0.94317113  0.60905653  0.70717481  0.59531964
  0.57081657  0.58897133  0.58693358  0.54397907  0.54581047  0.55016827
  0.56805259  0.59637798  0.60843835  0.75888509  0.93834963  0.79989273
  1.13008399  1.21291616  1.22448304  1.23422506  1.23972098  1.24401446
  1.24613247  1.23834508  1.44521564  1.48976109  1.39077438  1.55637937
  1.6054643   1.53515093  1.58341876  1.5108384   1.93903543  1.76986395
  1.5794367   1.74245264  1.82767764  1.64947075  1.71434278  1.71259284
  2.01716693  1.70338111  1.79610409  1.77284135  1.68555032  1.7699176
  1.58785775  1.48515159  1.47992112  1.42339862  1.47910073  1.38660806
  1.4343099   1.44768359  1.27365012  1.26513364  1.4573043   1.44679155
  1.36398542  1.50943569  1.5005886   1.57909741  1.56661068  1.56486394
  1.48851598  1.2984775   1.47063896  1.35481689  1.29573129  0.99056601
  1.0812433   0.76803489  0.65117138  0.83526243  0.52703377  0.44434375
  0.35449508  0.38234325  0.34978376  0.3445575   0.32395756  0.30690914
  0.30271562  0.30130285  0.28761012  0.2764873   0.18815519  0.18669724
  0.16369916  0.1586488   0.15497491  0.15150839  0.14244847  0.12041746
  0.11845113  0.07772865 -0.20518665 -0.33085555 -0.41783487 -0.4974894
 -0.53057016 -0.53865729 -0.51847049 -0.48160384 -0.48019189 -0.4343693
 -0.43000071 -0.4186312  -0.40381402 -0.3617771  -0.36154525 -0.34961689
 -0.34409827 -0.32774433 -0.34821081 -0.32882561 -0.30390586 -0.26265155
 -0.29741144 -0.15440463 -0.19535514 -0.19883963  0.09288661 -0.16713078
  0.05139699 -0.09981636 -0.00746108  0.04163272 -0.02340384  0.03939579
 -0.16631981  0.10599119  0.10828194  0.09815986 -0.03158471  0.06223195
 -0.05601882 -0.16543831 -0.23170287 -0.15826575 -0.19614653 -0.02227975
 -0.10916116 -0.19615185  0.0749987  -0.18120758  0.01099275 -0.16931286
 -0.0352332  -0.03691417  0.06717564 -0.16811776 -0.04658647  0.07923503
 -0.266369   -0.03486481 -0.30690401 -0.26011442 -0.22679133 -0.33053459
 -0.30295964 -0.34732539 -0.34887534 -0.35276556 -0.37541528 -0.35396849
 -0.42603338 -0.42668057 -0.47267786 -0.48893137 -0.56512064 -0.56572277
 -0.62638233 -0.65907546 -0.65983747 -0.6615387  -0.67521548 -0.67890938
 -0.68436027 -0.70202295 -0.70830223 -0.72374918 -0.73405623 -0.7371046
 -0.75271167 -0.75635267 -0.75945168 -0.8078001  -0.90102701 -0.92556459
 -0.93842753 -1.00007274 -1.05214849 -1.06916454 -1.05987319 -1.07979045
 -1.08466654 -1.07032269 -1.04646298 -1.04489055 -1.04233059 -1.03764366
 -0.98305073 -0.96946736 -0.96728977 -0.96265665 -0.96163569 -0.93586065
 -0.91195736 -0.88241718 -0.8327756  -0.8851979  -0.82612583 -0.81025822
 -0.8618624  -0.85110254 -0.83901612 -0.84250804 -0.8842821  -0.89567996
 -0.92290506 -0.91861848 -0.91659218 -0.91525439 -0.91489292 -0.93543941
 -0.94515287 -0.96149492 -0.9597297  -0.98073714 -1.01832928 -1.01396084
 -1.03433878 -1.03061996 -1.009346   -1.04600694 -1.06844437 -1.08853959
 -1.10100055 -1.10152871 -1.1144561  -1.1245396  -1.18027115 -1.18236251
 -1.16459399 -1.14196074 -1.14957984 -1.16128336 -1.1634663  -1.17083909
 -1.17669173 -1.19919836 -1.22427861 -1.22860045 -1.24009915 -1.24502807
 -1.25577713 -1.39504065 -1.41700492 -1.5811096  -1.35479901 -1.46429226
 -1.4809985  -1.32313625 -1.47302334 -1.4672241  -1.47017132 -1.56550415
 -1.54078436 -1.51536107 -1.42945382 -1.43259832 -1.43978978 -1.25835075
 -1.28137086 -1.42008105 -1.31013796 -1.310314   -1.40465564 -1.4846106
 -1.3891723  -1.34271728 -1.4864812 ]"
15,"[-1.93058527 -1.86145025 -1.82890262 -1.46149428 -1.34861943 -1.28939481
 -1.23808353 -1.19521711 -1.1658492  -1.14265344 -1.16210594 -1.09231013
 -1.1588064  -1.12620918 -1.08831878 -1.05421736 -1.0649344  -1.04075119
 -1.00614864 -0.98464381 -0.81785476 -0.85525749 -0.92970308 -0.91928257
 -0.97197468 -1.0086419  -1.08151412 -1.07780496 -1.14523131 -1.1805512
 -1.22836349 -1.2362793  -1.26543016 -1.27495839 -1.36668013 -1.39578223
 -1.45371134 -1.57571635 -1.58347646 -1.59280329 -1.83081227 -1.78761192
 -1.77642903 -1.77181084 -1.7634892  -1.75527753 -1.72177925 -1.70157927
 -1.65989675 -1.59339713 -1.60693471 -1.42037201 -1.55660813 -1.37847609
 -1.38060139 -1.36882316 -1.34311395 -1.35185321 -1.35102339 -1.56209183
 -1.38342109 -1.43124411 -1.39157262 -1.45104846 -1.47859092 -1.50916388
 -1.40806003 -1.36871264 -1.31736976 -1.33686034 -1.30829143 -1.25273051
 -1.28952427 -1.25426285 -1.24803666 -1.21274615 -1.14326364 -1.17847949
 -1.07463004 -0.86350515 -0.86014871 -0.80920915 -0.77336608 -0.75342178
 -0.75250234 -0.73603133 -0.72912877 -0.68978249 -0.52696385 -0.0252611
  0.36740086  0.45459776  0.41993285  0.4066113   0.40408154  0.41884577
  0.39677883  0.42407792  0.36743774  0.33531295  0.35744692  0.36026037
  0.36365681  0.34215709  0.25483623  0.25455135 -0.02748424 -0.11438626
  0.22325993  0.14667424  0.23939799  0.10133096  0.16079885  0.31557088
 -0.02483506  0.24844394 -0.01964826  0.2097909   0.32241038  0.29545498
  0.35136665  0.09054664  0.30873217  0.20374628  0.28573198  0.26153983
  0.19426951 -0.02948754 -0.01735247 -0.04650517  0.09315779 -0.05377468
  0.06182549  0.0413377  -0.1249591  -0.12482662 -0.00743544 -0.12302938
 -0.07031509  0.03557481  0.04150937 -0.0816709   0.06939461  0.0730338
 -0.14102196 -0.09989237 -0.1037789  -0.28048123 -0.17365745 -0.40133961
 -0.33091583 -0.33375866 -0.33457127 -0.36192596 -0.61897635 -0.22996168
 -0.54343272 -0.53466358 -0.48808317 -0.48257996 -0.47873463 -0.58773948
 -0.4342229  -0.49879846 -0.41498028 -0.16907763 -0.51132827 -0.66311907
 -0.53136541 -0.41253796 -0.40164461 -0.62966157 -0.54257169 -0.38746896
 -0.61879173 -0.23344558 -0.11372444 -0.58390024 -0.3171778  -0.07894739
 -0.12432723  0.09904307  0.21268324  0.33845857  0.39222005  0.44399637
  0.4631026   0.48503004  0.50386485  0.50822452  0.50838767  0.50377843
  0.54516627  0.54428025  0.53703213  0.51383527  0.51753428  0.49286144
  0.47375581  0.50366737  0.48439933  0.52377029  0.52586052  0.53574878
  0.52997559  0.55575426  0.55596943  0.56121163  0.57974023  0.63604842
  0.65463368  0.66162669  0.6866117   0.68966724  0.7145508   0.75169268
  0.77267501  0.85410225  0.88054757  0.88019193  0.87434034  0.91550578
  0.93957897  0.9485705   0.93055382  0.91394632  0.85903054  0.82357996
  0.79354516  0.75910167  0.74124553  0.69621327  0.6896967   0.67040264
  0.64991018  0.64014091  0.62759689  0.62713245  0.5933296   0.56175251
  0.58937196  0.59095491  0.57093581  0.5774638   0.59045706  0.58905808
  0.61360658  0.58773207  0.62269974  0.60347905  0.63261648  0.65811725
  0.65599764  0.68487361  0.74071654  0.78072281  0.84253826  0.87785983
  0.88263736  0.94924114  1.00356126  1.06647998  1.09667777  1.32517258
  1.37402221  1.36576746  1.46870651  1.4554604   1.69094214  1.69977571
  1.72341917  1.63545119  1.67618033  1.46519464  1.43390211  1.24538404
  1.14063878  1.15004858  1.07120792  1.20620775  1.14575209  1.07885375
  1.08270993  1.0956757   1.20209265  1.16741681  1.2640555   1.27581231
  1.25895647  1.28266035  1.23782593  1.36425604  1.29289657  1.0958998
  1.2314547   1.20308681  1.11850341  1.1112027   1.06275421  1.00591945
  1.0499734   0.99375852  0.98868467  0.98176156  0.95362312  0.97923857
  0.95014423  0.88775455  0.82887572  0.76177336  0.74746167  0.72431473
  0.68440953  0.67103966  0.65334156  0.59411246  0.5869285   0.57974943
  0.54785588  0.55408243  0.49648581  0.48325387  0.43983318  0.45642206
  0.44275766  0.45372106  0.47189981  0.45848461  0.42516683  0.42123139
  0.41917949  0.41714472  0.40804135  0.39599423  0.38577533  0.37078024
  0.32291178  0.2775259  -0.04273372 -0.04320467 -0.373338   -0.6744415
 -0.70468497 -0.73319868 -0.74334751 -0.75252405 -0.76579431 -0.85229348
 -0.93172082 -1.10946982 -1.19861717]","[ 3.77023551e-01  2.20087758e-01  3.70870184e-01  2.27842618e-01
  1.85735671e-01  3.44572127e-01  3.61717292e-01  3.65137994e-01
  2.18622449e-01  2.13789160e-01  2.15111895e-01  1.73151457e-01
  1.57426183e-01  1.59208304e-01  1.41245027e-01  1.27349649e-01
  1.21989456e-01  1.20147464e-01  1.12927923e-01  1.06097654e-01
  7.47815760e-02  3.17124688e-02  3.55825944e-02  5.18365232e-02
  7.37938161e-02  1.04603204e-01  9.98030140e-02  8.61944603e-02
  7.77590141e-02  3.80920618e-02  2.80072741e-02  2.67852698e-02
  2.33780351e-02  1.27500233e-02 -7.80079637e-04 -5.39234349e-03
 -1.25578532e-01 -4.55606930e-01 -5.08410824e-01 -5.30015427e-01
 -5.82950197e-01 -6.01761666e-01 -6.63924932e-01 -6.89464527e-01
 -7.26941070e-01 -8.41898032e-01 -8.94810371e-01 -8.64640056e-01
 -9.93188717e-01 -1.06905580e+00 -1.06757410e+00 -1.07632330e+00
 -1.07396983e+00 -1.15952797e+00 -1.25824897e+00 -1.16356892e+00
 -1.21650557e+00 -1.16021951e+00 -1.07830747e+00 -9.14866451e-01
 -9.54443321e-01 -9.81316207e-01 -1.00178131e+00 -1.06917262e+00
 -1.00811435e+00 -1.03736168e+00 -1.00051743e+00 -9.33278787e-01
 -1.10346295e+00 -9.31276803e-01 -9.06879680e-01 -8.65402532e-01
 -8.56027638e-01 -8.47310407e-01 -8.16360990e-01 -7.00379038e-01
 -6.92601092e-01 -6.70245291e-01 -6.61180055e-01 -6.35002636e-01
 -6.30960140e-01 -6.00263198e-01 -5.63871585e-01 -5.30846507e-01
 -5.14175997e-01 -4.61285977e-01 -4.68073384e-01 -1.39950785e-01
 -2.58842086e-01 -1.45509803e-01 -2.89782300e-01 -2.60022376e-02
 -7.60843238e-02 -7.34805181e-02 -7.06258407e-02  2.96512495e-03
  5.94336388e-03 -8.05872639e-03 -2.43367875e-02 -4.25455871e-02
 -8.63363496e-02 -4.66850189e-02 -4.38949383e-02 -1.56671015e-01
 -2.65333993e-02 -1.31753024e-01 -1.27069980e-01 -1.51511447e-01
 -1.09806090e-01 -3.70668979e-01 -2.46621651e-01 -1.03406635e-01
 -2.13611525e-01 -4.74697353e-01 -4.41058508e-01 -3.06355845e-01
 -4.26572362e-01 -4.76334112e-01 -4.91416196e-01 -3.08124833e-01
 -1.64752674e-01 -3.15041308e-01 -4.24753065e-01 -3.92744714e-01
 -3.16129969e-01 -4.35666179e-01 -4.18692594e-01 -5.01711319e-01
 -4.88015178e-01 -4.13897380e-01 -5.00535831e-01 -4.09489319e-01
 -2.90132385e-01 -4.89618501e-01 -4.99341723e-01 -3.99812154e-01
 -1.46925721e-01 -3.39014577e-01 -3.37661011e-01 -3.88482253e-01
 -4.70124888e-01 -3.99576152e-01 -1.47586701e-01 -9.96422423e-02
 -2.83751672e-01 -4.36884354e-01 -2.81201548e-01 -1.60990870e-01
 -2.87896130e-01 -3.47149290e-01 -1.03253049e-01 -2.81157536e-01
 -8.87375476e-02 -9.59384491e-02 -1.89789475e-01 -5.52490380e-02
 -4.20713800e-01 -2.72602270e-01 -1.00638689e-01 -1.02106295e-01
 -2.21032276e-01 -1.65218500e-01 -8.77028870e-02 -1.74715730e-01
 -5.31847148e-03 -2.76220373e-02 -4.87672653e-02 -2.20956464e-01
 -1.79621333e-01 -4.91226624e-01 -1.90940963e-01 -3.15671207e-01
 -2.34090700e-01 -3.55896931e-01 -1.14054621e-01 -3.81175810e-01
 -1.94209499e-01 -2.36390554e-01 -2.42228480e-01 -2.01012116e-01
 -2.47108829e-01 -3.55701058e-01 -1.73785017e-01 -2.71063001e-01
 -2.01186169e-01 -3.34068432e-01 -5.17396144e-01 -5.09170938e-01
 -5.27968598e-01 -5.39892392e-01 -5.46771466e-01 -5.54115358e-01
 -5.51932236e-01 -5.44408399e-01 -5.82330146e-01 -6.02685395e-01
 -6.11930216e-01 -5.86210854e-01 -6.37271169e-01 -6.50791943e-01
 -6.21298758e-01 -6.45116717e-01 -6.48845938e-01 -6.53833322e-01
 -6.76650322e-01 -7.14951373e-01 -7.03714423e-01 -7.53726908e-01
 -8.00339171e-01 -8.10470474e-01 -7.48928534e-01 -7.50092956e-01
 -8.55131240e-01 -8.12266063e-01 -7.19878197e-01 -6.80075105e-01
 -6.59164744e-01 -5.92746160e-01 -5.76893844e-01 -5.63920393e-01
 -5.43406691e-01 -5.00902180e-01 -5.02103945e-01 -3.59758176e-01
 -6.76125851e-02 -1.75208874e-02 -7.98068326e-02 -2.15452727e-02
  4.72590812e-03  1.68593812e-02  6.72385984e-03  1.99427611e-02
  2.42904733e-02  2.81250878e-02  7.22280211e-02  8.47420124e-02
  1.06610316e-01  1.13035809e-01  1.21196278e-01  1.26712338e-01
  1.48040388e-01  1.79139672e-01  3.49469867e-01  3.85347851e-01
  4.01273550e-01  4.05658766e-01  4.10197750e-01  4.23201532e-01
  4.64590724e-01  4.69020189e-01  4.70295778e-01  4.86766236e-01
  5.01771461e-01  5.06681273e-01  5.11356305e-01  5.24519450e-01
  5.50727536e-01  5.13787203e-01  5.44985573e-01  5.34652080e-01
  5.56692616e-01  5.84986173e-01  6.64260837e-01  6.23984965e-01
  6.82591327e-01  7.34861369e-01  8.04324200e-01  8.45716348e-01
  8.50031214e-01  8.61054576e-01  8.89927372e-01  8.66099843e-01
  8.93796732e-01  9.43758221e-01  9.51267379e-01  9.55917358e-01
  9.89539937e-01  1.00090377e+00  1.12133664e+00  1.12377257e+00
  1.09384922e+00  1.32700640e+00  1.56219009e+00  1.25010873e+00
  1.11216236e+00  1.00894600e+00  1.08543495e+00  1.01435819e+00
  1.12734731e+00  1.02863142e+00  1.22298602e+00  1.12494997e+00
  1.14792151e+00  1.35662556e+00  1.32715290e+00  1.32923013e+00
  1.50543903e+00  1.36598718e+00  1.44121570e+00  1.55734177e+00
  1.46861420e+00  1.66851446e+00  1.65879841e+00  1.33212006e+00
  1.35364803e+00  1.27577901e+00  1.21111612e+00  1.09608353e+00
  1.16449082e+00  1.18836208e+00  1.13460512e+00  1.08072477e+00
  1.07764278e+00  1.03417943e+00  1.01946234e+00  1.04305771e+00
  1.01091868e+00  9.66813138e-01  9.62157853e-01  9.54478493e-01
  9.39394696e-01  9.14560695e-01  8.74396635e-01  8.81349524e-01
  8.46446824e-01  8.44971770e-01  8.40693429e-01  6.75042354e-01
  6.72432386e-01  7.67589436e-01  6.72820251e-01  8.22704597e-01
  7.32912138e-01  7.40383156e-01  7.57353259e-01  7.35438655e-01
  8.24229513e-01  6.85200622e-01  7.18281172e-01  6.52489219e-01
  6.44534681e-01  6.09063307e-01  6.40679996e-01  6.04185531e-01
  6.02623505e-01  5.95959582e-01  5.29137121e-01  5.95193030e-01
  5.88766462e-01  6.20316135e-01  6.59460846e-01]"
16,"[-0.67638365 -0.67384891 -0.7313813  -0.74471373 -0.76915515 -0.82128236
 -0.77566152 -0.83185634 -0.86088552 -0.91771196 -0.94994193 -0.97181035
 -1.01601041 -1.07786543 -1.07249625 -1.11229566 -1.1395971  -1.36089617
 -1.25783234 -1.26507906 -1.27318071 -1.30796645 -1.32973243 -1.25832717
 -1.24300706 -1.23088828 -1.19832488 -1.21962633 -1.23454663 -1.12180716
 -1.16709856 -1.21982822 -1.19632458 -1.21683798 -1.12490569 -1.16520422
 -1.10121205 -1.09286001 -1.1031198  -1.09261608 -1.10069352 -1.08227388
 -1.15922704 -1.08390992 -1.08191666 -1.06900619 -1.04492371 -1.01403856
 -0.96700996 -0.87737607 -0.84541667 -0.73459758 -0.70327461 -0.60162039
 -0.45511601  0.02064073  0.00217857  0.08099477  0.2322133   0.08854431
 -0.25046701  0.00780984  0.03349412 -0.29371257 -0.43441696 -0.34700063
 -0.32640393 -0.3871589  -0.37645107 -0.34085539 -0.17646594 -0.21252236
 -0.41184546 -0.25536264 -0.29948363 -0.01601532 -0.01220585  0.03257856
  0.02483069 -0.13724962 -0.20743941 -0.28091747 -0.15215578  0.03263049
 -0.17610239  0.03759011  0.12214099  0.22520871  0.03596964  0.11374681
  0.1414189   0.25574184  0.07962488  0.10783327  0.17386969  0.35142844
  0.26497511  0.26716672  0.44790668  0.35056205  0.34492115  0.41659594
  0.06161289  0.36902074  0.38160511  0.41443713  0.32379795  0.29548605
  0.46472069  0.50203091  0.21263724  0.4012628   0.21643795  0.45379201
  0.50637447  0.33814087  0.4958469   0.32941317  0.41846602  0.44638181
  0.22030296  0.15854482  0.13399347 -0.06141583 -0.38413804 -0.4295588
 -0.47719758 -0.5092984  -0.48020883 -0.52639537 -0.4540333  -0.40537397
 -0.23105135 -0.24008893  0.01101075 -0.04973864  0.22306852  0.50686255
  0.52839804  0.51913347  0.53970077  0.55185519  0.58391647  0.60086915
  0.60437902  0.65900177  0.70379538  0.68048895  0.7064085   0.74867127
  0.74770038  0.87456173  0.72219258  0.73987768  0.7542036   0.73009628
  0.71736944  0.73984797  0.8447084   0.82991776  1.01447588  0.85229153
  0.83077431  0.79112062  0.86347884  0.92702364  0.92618694  0.84720588
  0.96483447  0.95597687  1.01598835  1.1839086   1.05201237  1.10126744
  0.95142067  0.89609737  0.76188796  0.92036764  0.7562817   0.75079643
  0.83123066  0.88465761  0.86854758  0.92607839  0.7805899   0.79062342
  0.79279024  0.87004534  0.8740099   0.74855151  0.91636984  0.97796838
  0.80885896  0.83762559  0.87418954  0.9129922   0.90747905  0.81006623
  0.89723868  1.04461565  1.04016935  1.0837969   0.82053314  1.03067781
  1.06582857  1.02302826  0.96158578  0.85570183  0.90229379  1.00666645
  1.02611478  1.00462196  0.948086    0.93837269  1.09382327  1.10386076
  1.02848101  1.066265    1.19638899  1.08363365  1.11076067  1.17389499
  1.11257238  1.11017237  1.15606839  1.04977772  1.13937214  1.30052167
  1.24118688  1.2049228   1.38574799  1.25062933  1.39732777  1.27084035
  1.51047472  1.20008193  1.26601808  1.25391731  1.20951299  1.22985297
  1.27435627  1.29360399  1.16378759  1.24936903  1.18248477  1.14467034
  1.38963503  1.36899569  1.3964613   1.39589521  1.36610385  1.62432619
  1.58103291  1.51201887  1.48671371  1.5486784   1.40810697  1.32709352
  1.45095766  1.42384572  1.14315339  1.07526936  1.01422816  0.79828655
  0.74245102  0.71118822  0.70601994  0.69621859  0.61430736  0.67110069
  0.62696643  0.61144749  0.58525519  0.56993784  0.54172461  0.53317138
  0.53259364  0.31515856  0.14462312 -0.01072338 -0.41513452 -0.49711783
 -0.57794225 -0.67007923 -0.68907245 -0.79970249 -0.74629324 -0.82893278
 -0.92277697 -0.97366931 -0.88903403 -0.85483367 -0.86744216 -0.83253749
 -0.87809676 -0.95316366 -0.93907624 -0.86501898 -0.87669321 -0.80863437
 -0.80068621 -0.72454147 -0.68324572 -0.65864977 -0.64272142 -0.50340261
 -0.45772228 -0.36525976  0.05585973 -0.13310055 -0.00375775  0.06997964
  0.01982488  0.01319428  0.15128487  0.10447873  0.15135788 -0.01120102
  0.09437697  0.25918489  0.38091004  0.15637355  0.19067116 -0.1336676
  0.06000972 -0.22895966 -0.37963671 -0.55395743 -0.64192727 -0.72105406
 -0.76649485 -0.8237743  -0.88039091 -0.95840822 -0.97389529 -1.04181656
 -1.07968529 -1.06506871 -1.06164889 -1.04022032 -1.05121082 -0.9897378
 -1.01024966 -1.00294219 -0.97973792 -0.97748524 -0.9764767  -1.01054735
 -0.99853136 -1.03128924 -1.03985464]","[-0.11933157 -0.02977268 -0.10739789 -0.20597497 -0.24392037 -0.26073603
 -0.23302181 -0.1077916  -0.11159738 -0.18712281 -0.07937223 -0.10349807
 -0.17652887 -0.10793109 -0.10261123 -0.00377164 -0.08507331 -0.06875512
  0.00491993 -0.02552285 -0.09994173 -0.05484085 -0.03824124 -0.00820394
 -0.0980444  -0.07778692 -0.05335436 -0.00928925 -0.02170143 -0.0880575
 -0.11925165 -0.23562081 -0.2737691  -0.36648923 -0.42707613 -0.60370185
 -0.48260847 -0.64176916 -0.62757307 -0.48058497 -0.32157125 -0.31789382
 -0.31722097 -0.34712063 -0.31125043 -0.43450206 -0.57398897 -0.58833718
 -0.68928207 -0.75823827 -0.74512785 -0.77808948 -0.74456664 -0.74794658
 -0.77963864 -0.77618804 -0.74756803 -0.74301884 -0.75179571 -0.7370455
 -0.687513   -0.73930463 -0.67511376 -0.602748   -0.43616303 -0.44023452
 -0.47906934 -0.45570781 -0.3053044  -0.40866953 -0.38693683 -0.44502395
 -0.36683105 -0.29822733 -0.29622108 -0.29323002 -0.28944038 -0.32539175
 -0.43777024 -0.2770527  -0.4336087  -0.36018456 -0.27476077 -0.4355818
 -0.35260944 -0.26752858 -0.26381391 -0.26292757 -0.25705694 -0.27243293
 -0.24099324 -0.16077443 -0.11754494 -0.0664913  -0.06381548 -0.11592346
 -0.05932429 -0.15786673 -0.15703387 -0.24605188 -0.15516555 -0.20307716
 -0.3241128  -0.28509565 -0.41394806 -0.5295356  -0.42782494 -0.65788108
 -0.52691067 -0.51410609 -0.44110685 -0.67010107 -0.59826743 -0.54999172
 -0.4938574  -0.65054993 -0.63321553 -0.57366473 -0.6336451  -0.50933689
 -0.50544265 -0.53378387 -0.424376   -0.49261027 -0.3345287  -0.23958557
 -0.3940356  -0.16106649 -0.22984492 -0.16999535 -0.13784086 -0.11336343
  0.02602014  0.00416388  0.02814396  0.04388139  0.08223835  0.13439725
  0.13138549  0.1601566   0.19959556  0.2218657   0.24666913  0.54904314
  0.77623471  0.85654639  0.82583594  0.85274518  0.81414913  0.72787995
  0.82784552  0.61596695  0.54442503  0.59461186  0.49058335  0.46065794
  0.4692775   0.37712303  0.40629185  0.58760802  0.52354967  0.57915192
  0.63833423  0.62772949  0.77130345  0.74196614  0.8251451   0.65569718
  0.65743808  0.66842319  0.67136158  0.58725685  0.49023641  0.31181833
  0.31197178  0.47083476  0.49113967  0.51722168  0.40754048  0.40639121
  0.4106761   0.67212483  0.31575843  0.39475209  0.39301953  0.4138352
  0.46298391  0.41815576  0.42157067  0.54280112  0.67583496  0.42248148
  0.53382798  0.6760526   0.71624037  0.51479597  0.43501821  0.33882724
  0.27193384  0.4380746   0.20703819  0.29899169  0.29403846  0.64801476
  0.43972298  0.69696155  0.58216413  0.41453293  0.4756037   0.44095431
  0.30943442  0.44268377  0.30078455  0.29313226  0.23973199  0.45569135
  0.26833025  0.26989839  0.53571899  0.31602162  0.26636218  0.34534489
  0.21470491  0.28951513  0.29205624  0.24962522  0.26639085  0.22658634
  0.24791396  0.18955147  0.20069822  0.17613881  0.19093086  0.19932156
  0.20415952  0.37784718  0.22031575  0.19281012  0.25268711  0.38416665
  0.24061486  0.39164039  0.40105421  0.25087153  0.19889217  0.2058544
  0.18515209  0.18491444  0.15897847  0.13774527  0.10256758  0.05257952
  0.02918525  0.01458296 -0.09453518 -0.02580493 -0.23344968 -0.19756973
 -0.402013   -0.43596823 -0.61055261 -0.70228242 -0.74399451 -0.77591106
 -0.79151982 -0.79638327 -0.80951664 -0.79707778 -0.81071312 -0.81275914
 -0.81312323 -0.8585596  -0.83808753 -0.84073253 -0.88962947 -0.89256838
 -0.90762469 -0.97455904 -0.97496502 -1.03839515 -0.9380528  -1.0592005
 -1.16108236 -1.04030433 -1.11924352 -1.05055849 -1.10016856 -0.99541005
 -0.98891022 -1.01033212 -0.98157283 -1.02208155 -1.05722276 -1.07874822
 -0.90469741 -0.98394669 -0.95908607 -0.88838203 -0.87501447 -0.89717417
 -0.86836455 -0.82175831 -0.83424184 -0.80589456 -0.76351782 -0.70704154
 -0.54873576 -0.3741011  -0.17184842 -0.12982216 -0.08435392 -0.00455383
  0.02221535  0.04843286  0.11633638  0.10210836  0.10418985  0.08047657
  0.07945149  0.07635447  0.07096011  0.06369218  0.05472509  0.05481325
  0.03180161  0.04226563  0.05291826  0.12123215  0.12448988  0.1310668
  0.13539197  0.16528445  0.13813724  0.18901343  0.1627398   0.16486239
  0.17059639  0.17742796  0.21394264  0.21137739  0.38382625  0.37785706
  0.56044948  0.60687272  0.78190301  0.8384265   0.96108058  0.85150355
  0.99179055  1.06498979  1.05810169]"
17,"[-1.54198777 -1.52060808 -1.48496502 -1.45183245 -1.43785905 -1.39691671
 -1.38907147 -1.3358943  -1.29208653 -0.81296378 -0.7539102  -0.67475044
 -0.68841932 -0.6730628  -0.65462612 -0.64684188 -0.61769616 -0.54207572
 -0.09012168  0.11828172  0.34375208  0.38192748  0.41455234  0.43228153
  0.44610282  0.49497124  0.4911996   0.4533589   0.48560846  0.48309492
  0.59091486  0.59201302  0.59328038  0.683645    0.81860204  0.9753838
  1.01139669  1.00611698  1.01465562  1.02620547  1.04789124  1.05032118
  1.16836633  1.07340142  1.20451705  1.22531077  1.13590668  1.17533023
  1.11798605  1.1300341   1.20072523  1.16905674  1.31687836  1.34182599
  1.36665753  1.37871573  1.37827005  1.52133519  1.54454329  1.58324081
  1.65046932  1.54920137  1.56716496  1.57874135  1.4150542   1.45183949
  1.402245    1.46973736  1.41662864  1.39647795  1.48348334  1.3985187
  1.34335776  1.33539293  1.25158753  1.18062302  1.07115805  1.09490889
  1.17060374  1.11342429  1.10886331  1.12653005  1.05272202  1.05577293
  1.04841308  1.03655304  1.03811576  1.03514083  0.95104315  0.94275134
  0.86747283  0.70736521  0.71111289  0.8782115   0.63049199  0.66846775
  0.58189271  0.59680494  0.54387255  0.51250744  0.48156375  0.43568977
  0.3739365   0.24370732  0.25800563  0.03959226 -0.40709148 -0.39821024
 -0.53236452 -0.22839479  0.04020982  0.04145878  0.29686201  0.25205334
  0.30152706  0.18513556  0.15395871  0.29700299  0.3085576   0.28848045
  0.30280397  0.20182413 -0.05406198 -0.25422245 -0.51874694 -0.28899127
 -0.45640934  0.07400688  0.08071814 -0.31586197 -0.31987731  0.1911152
  0.05593191  0.06464652 -0.46599775 -0.05098716 -0.35927008 -0.49691077
 -0.04773652  0.03893062 -0.04145289  0.18807463 -0.37809858 -0.01241958
  0.06302299 -0.21527014  0.07926768  0.13483714 -0.33964597  0.12830023
  0.00548453 -0.22888405 -0.12049317  0.07958991 -0.47881671 -0.40921459
 -0.21295177 -0.48247089 -0.37792096 -0.47074971 -0.32084974 -0.38585575
 -0.48660872 -0.46973014 -0.19492976 -0.37375871  0.06292348 -0.20293668
 -0.46452413 -0.46351026 -0.33192518 -0.46261268 -0.51012156 -0.17922072
 -0.17567811 -0.43031282 -0.43861535 -0.48629124  0.04212973 -0.43073092
 -0.19263034 -0.17272721 -0.42815015 -0.30165655 -0.40083908 -0.14997751
 -0.41360443 -0.45471027 -0.4550935  -0.13567651 -0.23412357 -0.52531087
  0.0389941   0.12241472  0.07350151  0.08129151  0.06669796  0.01275787
  0.01370297  0.0385422   0.26873603  0.06959521 -0.52520844 -0.02646995
  0.16439139  0.04282171  0.11970949  0.0487844   0.16262131  0.10575225
 -0.12871039 -0.06479665 -0.26023783 -0.29575002 -0.53898922 -0.56769709
 -0.47345929 -0.474192   -0.60925172 -0.60175529 -0.60067452 -0.58392061
 -0.57335471 -0.60966588 -0.57918517 -0.61090064  0.08576037 -0.33375457
 -0.39606751  0.21906736  0.08793151  0.24163136  0.29927373  0.14901026
  0.09309529  0.30708132  0.34019764  0.38003347  0.38924369  0.42864933
  0.43245943  0.43791244  0.44624551  0.47908741  0.5120209   0.49781049
  0.58894897  0.58068049  0.60429695  0.61399699  0.78936899  0.9002408
  0.79374653  0.90039226  0.92001684  0.96943426  0.89929461  0.97671451
  0.98472241  0.91794365  0.95973681  0.998309    0.820081    0.95541067
  0.81560003  0.80727148  0.72589109  0.64298848  0.5318674   0.48856767
  0.46347231  0.43673266  0.43145323  0.41006717  0.41571434  0.41552368
  0.42150831  0.40124     0.35863096  0.34953201  0.31758104  0.31987073
  0.29524656  0.14004155 -0.07283735 -0.46947449 -0.58092639 -0.47518348
 -0.61404839 -0.62152487 -0.63292902 -0.64733401 -0.65493668 -0.69875769
 -0.72821861 -0.72436942 -0.74252855 -0.73631711 -0.77032084 -0.79717171
 -0.84164895 -0.8212392  -0.99919681 -0.82356738 -1.13946706 -1.12888906
 -1.35537449 -1.26267239 -1.14763446 -1.33925034 -1.43044551 -1.44474234
 -1.44939902 -1.50540771 -1.52760182 -1.5668024  -1.58106303 -1.59654435
 -1.61031251 -1.62310835 -1.64098017 -1.70635015 -1.6624659  -1.70741156
 -1.71176151 -1.71544715 -1.75953329 -1.78187699 -1.80550106 -1.81427723
 -1.84525377 -1.85631029 -1.87238278 -1.87280524 -1.87353534 -1.87846649
 -1.87898272 -1.92482687 -1.9351599  -1.95130601 -1.95231809 -2.12915189
 -2.06908183 -2.0457526  -2.09770297 -2.04818014 -1.99508955 -2.09953227
 -2.05631357 -2.06728152 -2.16435394]","[ 1.33122097  1.24616661  1.18165222  1.19296616  1.16579668  1.13278226
  1.08966216  1.05423057  1.01865683  1.00955645  1.00929014  0.99317473
  0.98965121  0.97785664  0.96566138  0.96353869  0.95081813  0.93248621
  0.90313871  0.89564302  0.88928584  0.88687111  0.88613155  0.88501027
  0.83053485  0.85583346  0.88103815  0.8795049   0.86249719  0.84333496
  0.80733638  0.7209199   0.70426662  0.77296666  0.71957668  0.68984458
  0.64951893  0.70581473  0.71668725  0.65074868  0.64947412  0.63894388
  0.64473258  0.63599461  0.62783837  0.61285114  0.59022048  0.58777214
  0.60622127  0.59434995  0.58204857  0.58258004  0.57670147  0.56921432
  0.56580982  0.55487884  0.53293068  0.52863545  0.52458096  0.50800599
  0.50500375  0.47917059  0.49929896  0.48557544  0.46443526  0.47518469
  0.49227522  0.48766974  0.46735366  0.48612436  0.46902427  0.44634547
  0.42310466  0.2601871   0.22514871 -0.15923304 -0.1391828  -0.02325529
 -0.01982335 -0.01804087 -0.1400354  -0.11874587 -0.0142142  -0.19404477
 -0.14349512  0.02885159  0.19377216 -0.12744924  0.00151723 -0.12060138
 -0.1205237  -0.04591039  0.02156232 -0.20683702 -0.19753246 -0.11085613
 -0.17700521 -0.11756394 -0.18611157  0.19614745  0.19606213  0.40587886
  0.36087161  0.36998264  0.27002517  0.26479724  0.27321223  0.04133408
  0.02308914  0.15632674 -0.20119608  0.15460984 -0.01340736 -0.03247131
 -0.10729454 -0.10394924 -0.03309703 -0.03500984 -0.01498102  0.24693424
  0.15898228  0.10955698 -0.1469282  -0.17410047  0.06412302 -0.17888979
  0.09379372  0.21000883  0.19001957  0.02096156  0.13750341  0.3052842
  0.14156627  0.13335178 -0.21081198  0.27461944  0.30664411  0.06675658
  0.15520449  0.30607418  0.13197181  0.11119275  0.12002659  0.13075557
  0.06774566  0.0215726   0.02088231  0.19927207  0.18265769 -0.03998666
  0.18138565 -0.17403694  0.13053928  0.1235694   0.23022411  0.11633377
  0.17651499  0.22502631  0.10287878  0.08727143  0.05785401  0.22103368
 -0.14962123  0.21687189  0.21254544  0.16038165  0.04186613 -0.05063954
  0.20928963 -0.1493651  -0.05713952  0.2205387   0.17382785  0.17457027
 -0.06413381 -0.0472118  -0.06794161  0.24846086 -0.16074013 -0.08233251
 -0.18908051 -0.18785937 -0.1719924  -0.19573953 -0.10318815  0.28320799
  0.16371314  0.17657639  0.23041975 -0.05608251 -0.10211001 -0.14944912
 -0.09301578  0.30929478  0.29160229  0.29199204  0.32636636  0.4142309
  0.36002575  0.24739234  0.3280906   0.33275132  0.19499191 -0.08469886
  0.33933128  0.34730352 -0.07037416  0.30251799  0.35097562  0.19563747
  0.30284129  0.30306919  0.38943581  0.40540822  0.39518335  0.14100683
  0.39013392  0.3747425   0.42087697  0.41009157  0.31032355  0.38507188
  0.41896711  0.42383777  0.23967437  0.3135886   0.1502377  -0.06781082
 -0.19972147 -0.18753038 -0.20922939 -0.20735259 -0.21479485 -0.21517811
 -0.2308232  -0.23146393 -0.23472132 -0.23723142 -0.24615101 -0.26201475
 -0.27258339 -0.26907082 -0.26641827 -0.2533185  -0.26177216 -0.26934707
 -0.27686941 -0.27726597 -0.28149104 -0.28374683 -0.29901305 -0.30254064
 -0.30087402 -0.3057101  -0.32056832 -0.31684922 -0.32412809 -0.34501293
 -0.34515971 -0.34882276 -0.35023514 -0.3521784  -0.3587737  -0.37785369
 -0.38290468 -0.39008262 -0.39738154 -0.3992976  -0.39946178 -0.41963379
 -0.45706687 -0.40665416 -0.42752705 -0.45736527 -0.42422629 -0.42966054
 -0.42222892 -0.42337551 -0.46351105 -0.42010367 -0.46919586 -0.46486797
 -0.47362132 -0.47636633 -0.47980668 -0.49851362 -0.50132895 -0.48448189
 -0.50054431 -0.50345438 -0.50198718 -0.50479992 -0.53102911 -0.51223637
 -0.53127738 -0.53432523 -0.56788073 -0.54217847 -0.57689267 -0.57749651
 -0.57879614 -0.58694432 -0.59222436 -0.59529676 -0.60786926 -0.59726289
 -0.64099361 -0.61180117 -0.61573156 -0.69756986 -0.80457378 -0.79267119
 -0.82556128 -0.83095715 -0.88809604 -1.34627737 -0.90879884 -0.86913213
 -1.22208983 -0.91643877 -0.81298206 -0.81131328 -1.21688683 -1.1501382
 -1.12217297 -1.07050445 -1.04319006 -1.01906025 -1.00744216 -0.97978898
 -0.9797698  -0.91008966 -0.89680087 -0.92890054 -0.79282237 -0.8106238
 -0.88252573 -0.73965686 -0.74784708 -0.68513454 -0.64069336 -0.64501559
 -0.75023784 -0.75676457 -0.76340724 -0.72025187 -0.65204068 -0.64446865
 -0.64854571 -0.74139179 -0.68900684]"
18,"[ 9.40915980e-01  9.21405859e-01  9.36219996e-01  1.04541244e+00
  9.92159401e-01  9.98209043e-01  1.02783598e+00  9.91396038e-01
  9.80636905e-01  1.08048360e+00  9.83362589e-01  9.95564138e-01
  1.13456419e+00  1.01845120e+00  9.40350082e-01  1.00040480e+00
  9.65834011e-01  9.50937969e-01  9.14636883e-01  9.55106511e-01
  8.70707094e-01  8.00381248e-01  7.68685645e-01  7.51097171e-01
  7.38731205e-01  7.41617465e-01  6.70061325e-01  7.26407409e-01
  6.62421451e-01  7.20855158e-01  6.06134738e-01  6.29889202e-01
  6.56399129e-01  6.16826152e-01  6.58242565e-01  6.61595056e-01
  6.23117073e-01  6.34598870e-01  7.24064737e-01  6.35676595e-01
  8.68770844e-01  8.96062964e-01  8.02001263e-01  8.81976900e-01
  9.15291551e-01  8.32276354e-01  8.30123454e-01  8.28041482e-01
  8.23604371e-01  7.87715564e-01  7.53707588e-01  7.17098207e-01
  6.54666187e-01  6.84603445e-01  6.03891394e-01  6.00400739e-01
  6.02630008e-01  5.95824626e-01  5.80475583e-01  5.70453301e-01
  5.54967120e-01  5.41831776e-01  5.37858156e-01  5.36301678e-01
  5.36250591e-01  5.29458184e-01  5.30109132e-01  5.28947784e-01
  5.14874905e-01  5.12806532e-01  5.10348876e-01  5.04779286e-01
  4.99532707e-01  5.09696784e-01  4.88859365e-01  4.82992784e-01
  4.91443474e-01  4.77521000e-01  4.72788604e-01  4.69668624e-01
  4.66822605e-01  4.62500739e-01  4.56346592e-01  4.48323850e-01
  1.32863959e-01  2.21479906e-02  2.94640239e-02 -4.41434781e-02
 -7.54901284e-02 -1.00252689e-01 -1.20139411e-01 -1.25902222e-01
 -1.14085331e-01 -1.14206204e-01 -1.13854804e-01 -1.30224382e-01
 -1.57826067e-01 -1.76484732e-01 -3.09808651e-01 -2.91852232e-01
 -3.72174271e-01 -3.54458248e-01 -3.93175754e-01 -3.82795240e-01
 -3.96725120e-01 -4.29108495e-01 -3.88595538e-01 -3.86700780e-01
 -3.93242885e-01 -3.98089790e-01 -4.07863634e-01 -4.55616090e-01
 -4.65239110e-01 -4.56339052e-01 -4.13059928e-01 -4.42670947e-01
 -4.15898099e-01 -4.37304765e-01 -4.51818079e-01 -4.49690811e-01
 -4.69188485e-01 -4.28310936e-01 -4.90250643e-01 -4.99956032e-01
 -5.71475842e-01 -5.50796651e-01 -5.48251029e-01 -6.11724679e-01
 -5.93539646e-01 -5.79654445e-01 -5.55957729e-01 -5.56530874e-01
 -5.77545742e-01 -5.91219930e-01 -4.99169544e-01 -5.04995215e-01
 -5.51036601e-01 -4.82666071e-01 -4.85795541e-01 -4.72678469e-01
 -4.79381025e-01 -4.84413019e-01 -5.15909817e-01 -4.82857078e-01
 -5.27174226e-01 -5.49350575e-01 -6.03317517e-01 -5.85391973e-01
 -7.03491482e-01 -7.86544669e-01 -8.09456409e-01 -8.89652068e-01
 -8.39628240e-01 -8.60920408e-01 -7.41029961e-01 -7.69074012e-01
 -6.66468489e-01 -6.42197552e-01 -5.43722129e-01 -4.79168443e-01
 -4.69783656e-01 -4.03967863e-01 -3.38362640e-01 -3.04311485e-01
 -1.49592935e-01 -1.19739889e-01 -1.01250173e-01 -8.38311440e-02
 -6.17208225e-02 -5.11864304e-02  6.86463362e-02  6.44108568e-02
  6.05133847e-02  1.03706201e-01  1.22084259e-01  2.36660526e-01
  3.12925250e-01  3.17613687e-01  3.92003374e-01  2.73260196e-01
  2.66610960e-01  2.62405453e-01  3.46346574e-01  3.19950797e-01
  4.46043932e-01  4.01730762e-01  4.38153997e-01  3.58311062e-01
  3.36002982e-01  2.79448501e-01  2.57613421e-01  2.13658940e-01
  9.33456982e-02  5.53701050e-02  9.74204252e-02 -3.39270737e-04
  5.80682392e-02 -2.53894678e-02 -4.60960501e-02 -7.49404924e-02
 -8.15525086e-02 -9.22903904e-02 -8.52327626e-02 -1.12790174e-01
 -1.08831278e-01 -1.21356958e-01 -1.49406503e-01 -1.45806046e-01
 -1.58975942e-01 -1.75293456e-01 -1.59872363e-01 -1.63312932e-01
 -1.89475021e-01 -2.16976597e-01 -2.82086313e-01 -2.86789870e-01
 -1.88091017e-01 -2.63871289e-01 -3.01346622e-01 -2.66331009e-01
 -2.04448985e-01 -3.06826506e-01 -3.49861478e-01 -3.63248672e-01
 -3.53044308e-01 -2.60105604e-01 -3.73689667e-01 -2.70167358e-01
 -2.57859866e-01 -2.30692856e-01 -3.56531498e-01 -3.36317007e-01
 -2.61237520e-01 -3.20980613e-01 -3.23380254e-01 -1.95067437e-01
 -3.27107666e-01 -2.86479722e-01 -3.41017066e-01 -2.82743515e-01
 -2.86202949e-01 -1.80142763e-01 -2.24290974e-01 -1.75542171e-01
 -2.23910118e-01 -2.22000228e-01 -2.34123721e-01 -3.49162767e-01
 -2.37364468e-01 -2.56212706e-01 -2.21017095e-01 -2.97727052e-01
 -2.42733712e-01 -3.41986693e-01 -2.51785949e-01 -3.46433798e-01
 -3.80669957e-01 -3.12432272e-01 -3.84537769e-01 -2.52326837e-01
 -2.32533785e-01 -3.34683278e-01 -3.08067718e-01 -3.31130599e-01
 -2.32061522e-01 -3.17458355e-01 -2.38534732e-01 -1.97264019e-01
 -2.26345661e-01 -2.31193815e-01 -1.73895429e-01 -1.92724792e-01
 -1.65510319e-01 -1.63217207e-01 -1.64502434e-01 -1.63502457e-01
 -1.28661293e-01 -1.37738062e-01 -1.36411313e-01 -1.48248987e-01
 -1.01421116e-01 -9.39269445e-02 -8.47361444e-02 -5.74038563e-02
 -5.30947620e-02  3.45404043e-02  8.63111893e-02  1.21435264e-01
  2.26882765e-01  4.19527366e-01  4.31262421e-01  4.55686027e-01
  3.22966481e-01  4.61094240e-01  4.54996183e-01  4.24326998e-01
  3.53810769e-01  2.31769987e-01  2.14914191e-01  4.16556471e-01
  3.37936974e-01  3.13525267e-01  3.86462549e-01  3.86452183e-01
  2.86331829e-01  3.83171841e-01  2.97668974e-01  2.98743592e-01
  3.10764847e-01  3.94525061e-01  4.01553119e-01  3.55912000e-01
  2.17881387e-01  1.68480766e-01  2.12511040e-01  2.13815093e-01
  1.26951176e-01  1.94027884e-01  1.20813083e-01  1.67266785e-01
  1.58859798e-01  1.22627123e-01  1.52162344e-01  1.97542085e-01
  1.65179827e-01  2.03758728e-01  3.25292639e-01  1.22268346e-01
  1.04059588e-01  6.26031544e-02  6.25224136e-02  8.61968914e-02
  1.75577069e-02 -1.72175017e-02 -4.23655129e-03  5.15429935e-02
  8.25356398e-03  1.40500009e-02 -4.17114654e-02 -2.42587375e-02
 -1.22621179e-02 -9.06216840e-03 -4.01820943e-02 -3.82461260e-02
 -4.22043309e-02  2.95958791e-03 -4.40332926e-02 -2.33845653e-02
 -3.49518698e-02 -1.65990658e-02 -3.77859434e-02]","[ 1.15056808e+00  1.16323891e+00  1.11355052e+00  1.05661970e+00
  1.07739373e+00  1.04931117e+00  1.04581307e+00  1.03473910e+00
  1.06956201e+00  1.06753038e+00  9.88969779e-01  1.01654966e+00
  9.84983322e-01  9.77847963e-01  9.66057770e-01  9.50657070e-01
  9.40151777e-01  9.25203226e-01  9.28541357e-01  9.08046746e-01
  9.07940239e-01  8.94024383e-01  8.91486050e-01  8.79630240e-01
  8.83421191e-01  8.03726950e-01  7.97854922e-01  8.24532894e-01
  7.74884802e-01  7.71041634e-01  7.66763495e-01  7.58471230e-01
  7.45696944e-01  7.39327988e-01  7.22446114e-01  6.58838401e-01
  6.38040458e-01  5.73342388e-01  5.56878452e-01  5.97329668e-01
  5.56239822e-01  6.01345026e-01  6.03566537e-01  6.74844802e-01
  6.08755576e-01  6.08831622e-01  6.09088714e-01  5.58750576e-01
  5.96440919e-01  5.68260707e-01  5.57157218e-01  5.49610671e-01
  5.32800354e-01  5.20278618e-01  5.05377009e-01  5.16704037e-01
  5.03724946e-01  5.01715849e-01  4.99470201e-01  4.97402756e-01
  4.92459118e-01  4.88139132e-01  4.85679299e-01  4.82790123e-01
  4.75587580e-01  4.69925979e-01  4.65023026e-01  4.64462078e-01
  4.56041930e-01  4.49795206e-01  4.58757073e-01  4.45705919e-01
  4.38385777e-01  4.37894921e-01  4.35198617e-01  4.17675095e-01
  4.16409086e-01  4.10880857e-01  3.99007413e-01  3.94939558e-01
  3.93913821e-01  3.68359491e-01  3.64109369e-01  3.55954811e-01
  3.60780860e-01  3.55649634e-01  3.44522923e-01  3.39648625e-01
  3.31299103e-01  3.27994897e-01  3.23604839e-01  3.20249657e-01
  3.19931500e-01  3.19492761e-01  3.17359377e-01  3.11792039e-01
  2.97662613e-01  2.54140612e-01  2.44059483e-01  1.87167038e-01
  2.32952321e-01  2.19031821e-01  1.92109495e-01  1.20558081e-01
  1.75315361e-01  1.79708812e-01  2.08648992e-01  1.95099609e-01
  1.23757459e-01  2.18654282e-01  1.24298533e-01  1.20297545e-01
  1.28284077e-01  1.34204658e-01  1.28341655e-01  1.54770921e-01
  1.31185319e-01  1.95190059e-01  1.79999732e-01  1.52043914e-01
  2.26717774e-01  2.07758309e-01  2.01493530e-01  2.79359363e-01
  2.80489353e-01  2.32320260e-01  2.94565057e-01  2.55794502e-01
  2.88539592e-01  2.88873325e-01  2.58158500e-01  2.80858694e-01
  2.62424083e-01  2.60228072e-01  2.67604196e-01  2.28121638e-01
  2.49131264e-01  2.44653879e-01  2.60129337e-01  2.18960058e-01
  1.47230011e-01  1.19689298e-01  1.03175999e-01  9.24226849e-02
  5.69631420e-02 -1.39486516e-02 -2.61231385e-02 -3.87891900e-02
 -1.56175752e-01 -3.16075237e-01 -4.21955226e-01 -4.54675566e-01
 -5.28912552e-01 -5.82922356e-01 -5.79573948e-01 -5.91861314e-01
 -5.90316950e-01 -5.82700231e-01 -5.67591951e-01 -5.90015189e-01
 -5.87505260e-01 -6.31114950e-01 -7.60079586e-01 -7.23514030e-01
 -1.09814970e+00 -8.18223637e-01 -1.07892549e+00 -8.51862696e-01
 -1.04838614e+00 -1.12551252e+00 -1.13449926e+00 -1.12873344e+00
 -1.12963038e+00 -9.45519425e-01 -7.79422071e-01 -1.03583355e+00
 -7.86669136e-01 -7.17946859e-01 -6.97775453e-01 -6.82216922e-01
 -6.75329451e-01 -6.70369137e-01 -7.59591420e-01 -7.90463907e-01
 -7.42820210e-01 -6.47135165e-01 -6.56891069e-01 -6.65120767e-01
 -9.72225020e-01 -6.50703889e-01 -7.64185572e-01 -7.69886267e-01
 -6.28563326e-01 -6.10149991e-01 -6.46755749e-01 -6.15244308e-01
 -6.45486810e-01 -5.95109218e-01 -6.07662442e-01 -6.16784484e-01
 -6.24834303e-01 -6.27333671e-01 -6.16202068e-01 -5.67084434e-01
 -5.80636762e-01 -5.79146022e-01 -5.29201306e-01 -5.33046869e-01
 -5.58188599e-01 -5.72007747e-01 -4.37978990e-01 -4.36542164e-01
 -4.27156702e-01 -4.23003717e-01 -4.16961421e-01 -4.09250503e-01
 -4.62125857e-01 -4.82513668e-01 -5.25014660e-01 -4.88817391e-01
 -5.25642241e-01 -4.60093685e-01 -5.58608286e-01 -5.21661774e-01
 -5.30909610e-01 -4.97327353e-01 -4.93111662e-01 -5.04811805e-01
 -5.47579073e-01 -5.16682787e-01 -5.64959849e-01 -5.50355724e-01
 -5.51200632e-01 -5.14229872e-01 -4.73589085e-01 -5.12920157e-01
 -5.58136434e-01 -5.22466659e-01 -5.58958509e-01 -4.77335319e-01
 -4.75169180e-01 -5.17373162e-01 -4.98291041e-01 -5.03492154e-01
 -4.63268639e-01 -5.63312793e-01 -4.35951834e-01 -4.32620321e-01
 -5.05242144e-01 -4.81970955e-01 -4.72393127e-01 -4.32440053e-01
 -4.27215727e-01 -4.66947974e-01 -4.61399435e-01 -4.25085176e-01
 -4.14975310e-01 -3.96533881e-01 -3.83044314e-01 -3.50784024e-01
 -3.31220762e-01 -1.65089250e-01 -2.64009878e-01 -1.89853493e-01
 -1.95959284e-01 -2.26426237e-01 -2.49827366e-01 -2.23219827e-01
 -2.63610965e-01 -2.13160403e-01 -3.10063445e-01 -3.30901767e-01
 -3.52416346e-01 -3.69116868e-01 -3.51859780e-01 -3.65783882e-01
 -3.61429615e-01 -3.94271006e-01 -3.64235039e-01 -3.30380931e-01
 -3.30004285e-01 -3.65794425e-01 -3.84130153e-01 -3.78385116e-01
 -3.08342691e-01 -2.66139541e-01 -2.48171905e-01 -3.17478310e-01
 -2.96142618e-01 -3.29915155e-01 -3.92861650e-01 -3.94259923e-01
 -3.03099408e-01 -3.31998136e-01 -2.34383396e-01 -2.23334590e-01
 -2.48119255e-01 -3.08276666e-01 -1.56109631e-01 -1.39204211e-01
 -1.52888456e-01 -1.36227829e-01 -1.44276688e-01 -1.34024540e-01
 -1.29917861e-01 -1.33549157e-01 -1.25620465e-01 -1.22008158e-01
 -7.18080886e-02 -4.74250132e-02 -1.11454149e-01 -7.31385999e-02
 -6.22899684e-02 -5.84196359e-02 -5.38654264e-02 -2.57903073e-02
 -3.26946105e-02  4.17817330e-03 -1.47508222e-02  4.84216480e-02
  5.43614179e-02  5.13575897e-02  2.00082354e-02  2.67935778e-02
  3.09617371e-02  2.39958278e-02  1.37248092e-02 -8.26912103e-04
 -9.06540660e-03 -1.28383061e-02  3.64526255e-02  1.34489380e-02
  6.59531080e-02  5.48001225e-02  6.70241036e-02  8.30210784e-02
  9.13723845e-02  9.53213271e-02  1.01511925e-01  8.33005220e-02
  9.08080644e-02  1.01919266e-01  8.41183806e-02  8.33888100e-02
  1.02543175e-01  1.06196613e-01  1.07312417e-01  1.18429514e-01
  1.11815833e-01  2.06468514e-01  2.48521736e-01]"
19,"[ 1.75922511  1.84995266  1.62637543  1.99503431  1.4883109   1.68483093
  1.86660128  2.13268309  1.82279872  1.82990338  1.95179455  2.01987
  1.99668206  1.63514456  1.64239812  2.03440161  1.45798304  1.80851402
  1.56207988  1.48282921  1.4560016   1.42689189  1.32844198  1.31462439
  1.28111396  1.2788252   1.28475621  1.25272033  1.19858722  1.1981709
  1.1921051   1.19240319  1.15240602  1.17215949  1.12980795  1.12873437
  1.12598565  1.10878717  1.08109495  1.04333425  1.04242823  1.08853981
  1.06882369  1.10177044  1.06757353  1.05064755  1.09896797  1.03165269
  1.02972525  1.02505082  1.02120515  0.94917415  0.91977464  0.86809741
  0.81653825  0.7879554   0.74011442  0.65347828  0.51958799  0.32784537
  0.20101019  0.10722906  0.04285309 -0.0586709  -0.09880208 -0.11445623
 -0.17131858 -0.21378366 -0.23786117 -0.24703398 -0.36108507 -0.3653466
 -0.40319619 -0.41852021 -0.42739939 -0.44643919 -0.53172703 -0.54154349
 -0.53796477 -0.53823231 -0.54778784 -0.55011909 -0.5590475  -0.5705273
 -0.57795237 -0.61673333 -0.62108754 -0.59514988 -0.59555085 -0.58173023
 -0.58308014 -0.60256908 -0.58827109 -0.62561071 -0.63105874 -0.63869194
 -0.6053848  -0.69428003 -0.64250768 -0.68718196 -0.69220851 -0.63683949
 -0.66131474 -0.74224265 -0.83752773 -0.79531682 -0.70546122 -0.77524781
 -0.76609456 -0.72003766 -0.73719013 -0.73713231 -0.73045274 -0.72233874
 -0.73135711 -0.70333077 -0.69937822 -0.73414436 -0.9743158  -0.87842782
 -0.80837123 -0.76322595 -0.76123281 -0.73863222 -0.94892142 -0.78697768
 -0.92516705 -1.00173055 -0.91898383 -0.91662318 -0.88609165 -0.75417766
 -0.87878798 -0.98474586 -0.78987366 -0.80303063 -0.79413208 -0.98548
 -0.86848746 -0.86703338 -0.99894966 -0.85498164 -0.85463955 -1.03997628
 -1.0426113  -1.04244128 -1.0824532  -1.05033324 -1.082709   -1.09939173
 -1.10153257 -1.10244271 -1.10459553 -1.13201544 -1.14130557 -1.17232058
 -1.18910521 -1.22444223 -1.24631096 -1.24016151 -1.28620897 -1.32395004
 -1.28429998 -1.27919935 -1.2888458  -1.36015531 -1.35681867 -1.32694676
 -1.33853143 -1.32491074 -1.34903767 -1.39474033 -1.40344629 -1.34353404
 -1.43643252 -1.44032311 -1.42383607 -1.47367283 -1.44716766 -1.45766499
 -1.41174689 -1.43931028 -1.36679765 -1.38364128 -1.33189161 -1.26783259
 -1.21144533 -1.18406564 -1.17789912 -1.14367743 -1.14128346 -1.13865197
 -1.10438253 -1.09254369 -1.09089102 -1.07167849 -0.99946822 -0.67910225
 -0.57787909 -0.54761737 -0.53244297 -0.51459672 -0.49646881 -0.5230382
 -0.52883019 -0.50877289 -0.49920274 -0.4638544  -0.50200912 -0.43997425
 -0.43926722 -0.43127855 -0.42219052 -0.41243511 -0.40039276 -0.38298463
 -0.36368169 -0.31109649 -0.30484388 -0.30443278 -0.21879703 -0.18194633
 -0.14936304 -0.13817695 -0.13476962 -0.10815277 -0.10651864 -0.07662787
 -0.0668569  -0.0445386  -0.02851347  0.05111324  0.06866283  0.07868406
  0.19313766  0.21082909  0.33499417  0.49931095  0.65308867  0.79912249
  0.93133012  0.98316125  0.8886333   0.87357087  0.82849742  0.84409726
  0.8057478   0.74663774  0.73615279  0.7295018   0.72441884  0.63792209
  0.64228188  0.46809957  0.4340957   0.34175922  0.3003636   0.3363096
  0.27666717  0.23831991  0.25300137  0.25145374  0.27850041  0.34470814
  0.45114572  0.54673544  0.6104026   0.60461064  0.51072525  0.6295226
  0.66016331  0.67437073  0.63566289  0.64906071  0.62761494  0.60154891
  0.59565008  0.66207608  0.74359305  0.768507    0.82679377  0.9311876
  1.01900568  1.01522425  1.00798159  0.92768471  0.87320778  0.85022139
  0.83029818  0.82734876  0.80623835  0.84296579  0.84438727  0.84198133
  0.78671653  0.78162131  0.7333412   0.73978091  0.72576316  0.6828856
  0.6823348   0.6601334   0.62132291  0.5899532   0.58796262  0.5749291
  0.47438518  0.46386878  0.46982597  0.55467963  0.56213815  0.57329395
  0.5480624   0.51487557  0.59366747  0.52633055  0.47096767  0.54026491
  0.61897015  0.61448692  0.47521742  0.50432491  0.54182667  0.44212331
  0.40258558  0.38651821  0.60373139  0.53558742  0.49740335  0.43011077
  0.42568827  0.43761701  0.35649129  0.35760574  0.42254792  0.4521351
  0.3577487   0.53028975  0.33947451  0.36908642  0.42234506  0.37144543
  0.45060115  0.33652397  0.50143681  0.50373367  0.37384948  0.39766207
  0.38183089  0.46370906  0.39120144]","[-0.49874561 -0.43981672 -0.44177412 -0.50343731 -0.48445682 -0.48727635
 -0.57133563 -0.51304396 -0.49138331 -0.40647606 -0.44212877 -0.44832581
 -0.45933918 -0.47068786 -0.41867659 -0.39277678 -0.38931462 -0.4343283
 -0.38129416 -0.34191984 -0.31019367 -0.38132738 -0.34226261 -0.30753173
 -0.27407911 -0.2035247  -0.36863548 -0.37551622 -0.37581267 -0.33795127
 -0.34167097 -0.34825949 -0.16186657  0.08233324  0.24053045  0.12258832
  0.25989691  0.34677391  0.3711707   0.37378276  0.39903316  0.40794457
  0.44634651  0.44791377  0.46257114  0.47653289  0.50767081  0.52738466
  0.61713794  0.72245486  0.79300481  0.80818009  0.68116257  0.80860827
  0.68043588  0.65048677  0.6413385   0.60786363  0.60458148  0.60098186
  0.59787847  0.59605784  0.59215885  0.57420157  0.55733465  0.52997053
  0.52587983  0.5371286   0.55579513  0.54836351  0.59211369  0.56523204
  0.56970013  0.56599468  0.51797812  0.51210081  0.48850876  0.48694683
  0.46491694  0.4634752   0.46134316  0.44574348  0.4246672   0.37929125
  0.33984812  0.26712184  0.09280407  0.07918923  0.0737564   0.26640829
  0.12892553  0.26616724  0.21317538  0.27213649  0.30406145  0.28608404
  0.24592025  0.31040903  0.24832567  0.13361913  0.23972699  0.31822513
  0.12358945 -0.01572832 -0.1422236   0.09402977  0.19296431  0.17953158
  0.16464753  0.20448991  0.1728397   0.19438988  0.14465672  0.14290919
  0.24607532  0.21816138  0.22604763  0.02187757 -0.01977079  0.30851037
  0.09574995  0.09717817  0.23582614  0.09759699  0.03195492  0.11662754
  0.04343459 -0.10663711  0.12345247  0.02452309  0.12369815  0.05049577
 -0.09925207 -0.042701   -0.20297967 -0.02189781  0.03629742  0.0027034
 -0.0157359  -0.10123053 -0.18753897 -0.20384282 -0.2322096  -0.20194327
 -0.31295167 -0.37706404 -0.38415689 -0.48009956 -0.58042977 -0.58576379
 -0.56191375 -0.54027594 -0.54264832 -0.49254996 -0.54359481 -0.58767128
 -0.59324739 -0.66729115 -0.68381569 -0.69318447 -0.72439588 -0.725657
 -0.73874863 -0.73345105 -0.73948599 -0.76736936 -1.33222599 -1.42293106
 -0.75822524 -0.73974437 -0.71952413 -0.69733659 -0.71224366 -0.69185129
 -0.71574394 -0.66762256 -0.63794707 -0.50593855 -0.4360955  -0.45034397
 -0.56677668 -0.56727603 -0.61565007 -0.58368893 -0.58915625 -0.57715978
 -0.53530435 -0.48115869 -0.57090129 -0.5698011  -0.58028526 -0.62320384
 -0.66465735 -0.59036404 -0.55730841 -0.57527302 -0.47699939 -0.35572217
 -0.34900538 -0.30312225 -0.15017447  0.29597216  0.33345783  0.37752316
  0.35194308  0.39916297  0.42288829  0.42735593  0.43612057  0.46291868
  0.47430509  0.47281849  0.49411035  0.50135107  0.49448985  0.50839905
  0.52284235  0.5212182   0.52513989  0.58011342  0.60400998  0.63868233
  0.73608144  0.77274751  0.78995075  0.76424339  0.86263275  0.7564066
  0.85326946  0.7376963   0.77868193  0.7438404   0.69216745  0.66082347
  0.67518506  0.67420614  0.65236831  0.62420063  0.67501443  0.75391181
  0.84702451  0.83655999  0.87460643  0.89164137  0.89702556  0.90155551
  0.91572856  0.94815706  0.97079109  1.08548843  1.15235469  1.2320298
  1.31946738  1.33743385  1.51562339  1.41182778  1.38410712  1.46712423
  1.52116425  1.44694217  1.43979326  1.34601485  1.29328428  1.2722548
  1.21525467  1.21768452  1.09939396  1.19808505  1.14334197  1.00432669
  1.07080907  1.01918586  1.00230737  0.95561445  0.9246825   0.91284764
  0.90738356  0.72373006  0.62591643  0.60325229  0.57371657  0.51833725
  0.49326408  0.47671084  0.45407797  0.45236074  0.43348275  0.40727269
  0.3730988   0.33467728  0.23466048 -0.32003379 -0.38138746 -0.49074903
 -0.57138965 -0.6857947  -0.7115586  -0.74198165 -1.49102546 -1.62196358
 -1.66189585 -1.71598726 -1.75472095 -1.70417757 -1.62610017 -1.59174648
 -1.60410976 -1.60775761 -1.55335105 -1.57946833 -0.78132148 -1.39768614
 -0.79244807 -1.21299754 -1.58755396 -1.22353444 -1.23285847 -0.75893551
 -0.79217986 -0.80487691 -0.82047364 -1.07649455 -0.78827373 -1.30731203
 -0.75649256 -0.77325283 -0.80033022 -1.56185039 -1.41253945 -0.91576277
 -0.91369767 -0.90392462 -1.55333569 -1.47440884 -0.7873716  -0.8856109
 -0.80813337 -0.95357523 -0.95827827 -1.43463449 -0.99584408 -1.53382748
 -1.04435448 -1.20680028 -0.85088219 -1.16873234 -1.40148375 -1.3983416
 -0.88422905 -1.59741586 -1.53563872]"
20,"[ 1.19505536e+00  1.20723375e+00  1.20181323e+00  1.32091484e+00
  1.46503256e+00  1.47355216e+00  1.62707351e+00  1.37977831e+00
  1.53633963e+00  1.23606966e+00  1.32040706e+00  1.34219771e+00
  1.47215380e+00  1.42532616e+00  1.23513619e+00  1.48793835e+00
  1.42158381e+00  1.24507646e+00  1.28864444e+00  1.43408643e+00
  1.38299117e+00  1.33684483e+00  1.23429883e+00  1.20966571e+00
  1.21826814e+00  1.16290283e+00  1.16204212e+00  1.16112162e+00
  1.15969211e+00  1.15603987e+00  1.14428217e+00  1.13361703e+00
  1.01776997e+00  1.01686634e+00  9.39733802e-01  1.02637790e+00
  1.07913980e+00  1.05981647e+00  9.33822491e-01  9.44510097e-01
  1.09991835e+00  9.49280456e-01  9.58710272e-01  1.11255847e+00
  8.81229961e-01  9.19957362e-01  8.79921561e-01  1.06705117e+00
  8.20249762e-01  8.27908874e-01  8.02068785e-01  8.18205956e-01
  9.52576271e-01  8.67511643e-01  9.71635808e-01  8.44851456e-01
  8.29203086e-01  7.91148570e-01  7.92151732e-01  7.63284612e-01
  7.39118221e-01  7.73185666e-01  7.01846694e-01  7.09260918e-01
  7.37550345e-01  7.04022465e-01  6.71394706e-01  6.98541448e-01
  6.98288555e-01  6.20528642e-01  6.41980629e-01  6.45772504e-01
  6.36888225e-01  6.12993958e-01  6.60209423e-01  6.76424997e-01
  6.25522978e-01  5.85155385e-01  3.82412935e-01  3.62295352e-01
  3.47005396e-01  3.89822986e-01  5.10596615e-01  4.55933656e-01
  6.30034931e-01  4.45750296e-01  6.53907021e-01  4.40634231e-01
  3.80235104e-01  4.81000092e-01  6.61170787e-01  6.00449944e-01
  5.89210045e-01  5.09725929e-01  5.63245545e-01  4.64299860e-01
  4.90893948e-01  4.23981795e-01  3.38349973e-01  3.32731908e-01
  2.51388172e-01  1.95710767e-01  1.22930083e-01  2.74864996e-02
 -1.31980437e-03 -8.08045970e-02 -1.29249918e-01 -1.47212663e-01
 -1.15311510e-01 -9.47736158e-02 -1.00449060e-01 -1.19083231e-01
 -6.15537292e-02 -6.85212837e-02 -5.07419903e-02 -2.33263562e-02
  9.73831077e-03  3.63981459e-02  9.61254310e-02  6.45556386e-02
  5.00220059e-02  9.58242128e-02  1.28140538e-01  2.26652691e-01
  2.63522720e-01  2.81592295e-01  3.01757117e-01  2.94779512e-01
  4.03918689e-01  3.64916169e-01  5.24197043e-01  2.94096073e-01
  2.73402966e-01  2.49441483e-01  2.34261963e-01  2.20650728e-01
  1.49845310e-01  2.42956475e-01  1.74600641e-01  5.22501715e-02
  6.90809792e-02  2.06800067e-01  9.45155240e-02  4.13315876e-02
 -6.76738941e-03 -8.45709621e-06 -1.30079726e-02 -8.45357281e-02
 -2.92808518e-02 -6.73538259e-02 -5.38342062e-02 -2.64273005e-02
 -5.86712289e-02 -1.03541513e-01 -3.65450194e-02 -1.19697482e-01
 -1.25501460e-01 -1.09839876e-01 -1.37419686e-01 -1.47597610e-01
 -1.49735209e-01 -1.60383888e-01 -1.51004610e-01 -1.53343580e-01
 -1.71421895e-01 -1.73401691e-01 -1.75518696e-01 -1.93298235e-01
 -1.93563563e-01 -1.94581782e-01 -1.98679884e-01 -2.19879042e-01
 -2.03555322e-01 -2.06868827e-01 -2.21146390e-01 -2.22898652e-01
 -2.30427216e-01 -2.40265341e-01 -4.90861684e-01 -5.07925133e-01
 -5.22659029e-01 -5.67475328e-01 -4.17847321e-01 -4.98608378e-01
 -4.96467334e-01 -4.23704814e-01 -5.80048580e-01 -5.37806716e-01
 -3.78560776e-01 -5.35406168e-01 -4.13236266e-01 -5.75569317e-01
 -5.34254372e-01 -3.81080806e-01 -2.39952008e-01 -2.52589829e-01
 -3.38352156e-01 -3.39797840e-01 -2.38567033e-01 -3.55148119e-01
 -3.96743169e-01 -2.78309333e-01 -2.61457403e-01 -2.23640206e-01
 -2.31250819e-01 -2.40791105e-01 -3.16903787e-01 -4.80321422e-01
 -4.14274558e-01 -4.73397158e-01 -5.29621880e-01 -5.47174815e-01
 -4.01425969e-01 -2.55687921e-01 -4.01162182e-01 -3.79830498e-01
 -3.78433621e-01 -3.17828217e-01 -4.70757777e-01 -3.09287611e-01
 -2.79609823e-01 -4.70407022e-01 -4.68755945e-01 -3.21362496e-01
 -2.57405628e-01 -3.30389758e-01 -2.59253628e-01 -4.29414698e-01
 -3.80989150e-01 -2.86687663e-01 -3.70660357e-01 -2.51489698e-01
 -5.42189652e-01 -4.54325918e-01 -2.96329779e-01 -5.74920799e-01
 -3.06969463e-01 -5.67231431e-01 -5.23811702e-01 -5.88670745e-01
 -5.63039823e-01 -4.53739077e-01 -4.29941216e-01 -5.53313701e-01
 -4.38062858e-01 -5.97253670e-01 -5.98630447e-01 -5.99832691e-01
 -6.05443142e-01 -6.01719805e-01 -6.05006658e-01 -6.05899156e-01
 -6.12541657e-01 -6.20786595e-01 -6.22133944e-01 -6.26937651e-01
 -6.28762839e-01 -6.41329095e-01 -6.39075765e-01 -6.42026935e-01
 -6.54944989e-01 -6.57884159e-01 -6.59934440e-01 -6.75992378e-01
 -6.79573397e-01 -6.82865513e-01 -6.88518821e-01 -6.96397725e-01
 -7.04250763e-01 -7.08203619e-01 -7.28662195e-01 -8.63635431e-01
 -8.72621914e-01 -8.81177396e-01 -9.08586487e-01 -1.01263229e+00
 -1.04262565e+00 -1.13172388e+00 -1.16641456e+00 -1.08918183e+00
 -1.08672635e+00 -1.04962484e+00 -1.08457807e+00 -1.08717735e+00
 -1.12527316e+00 -1.08844911e+00 -1.06488227e+00 -1.13004227e+00
 -1.09821951e+00 -1.07172420e+00 -1.08877232e+00 -1.00580742e+00
 -1.01067844e+00 -1.03120870e+00 -9.99170902e-01 -9.68319990e-01
 -9.12038815e-01 -9.25674557e-01 -9.91112214e-01 -9.23326919e-01
 -9.33656870e-01 -1.00435188e+00 -1.04519015e+00 -1.11574139e+00
 -1.17218221e+00 -1.24377634e+00 -1.25941206e+00 -1.27876300e+00
 -1.28874762e+00 -1.42474598e+00 -1.32856848e+00 -1.33907628e+00
 -1.39868758e+00 -1.47088859e+00 -1.45089554e+00 -1.51822837e+00
 -1.56471332e+00 -1.44954132e+00 -1.43654620e+00 -1.39814551e+00
 -1.36647663e+00 -1.37225402e+00 -1.30608613e+00 -1.29775422e+00
 -1.28307107e+00 -1.25488867e+00 -1.28206181e+00 -1.26772154e+00
 -1.22645651e+00 -1.21464715e+00 -1.19422856e+00 -1.18361821e+00
 -1.13655805e+00 -9.95113670e-01 -9.05260652e-01 -8.94130875e-01
 -8.60004943e-01 -7.23526425e-01 -7.15624141e-01 -7.14385975e-01
 -7.11804739e-01 -7.58935047e-01 -7.29280596e-01 -8.41306694e-01
 -8.20905267e-01 -8.37411533e-01 -7.48769822e-01 -7.74755151e-01
 -8.03473958e-01 -8.30901130e-01 -8.59422123e-01]","[-1.30636172 -1.26131512 -1.25732975 -1.2285513  -1.19420641 -1.12770638
 -1.10857564 -1.14812436 -1.17059796 -1.18665146 -1.15420078 -1.0532371
 -0.94880003 -0.81785889 -0.95953953 -1.12933631 -1.09369324 -1.13886024
 -1.1665417  -1.13937929 -1.14245111 -1.06856797 -1.16947139 -1.15130924
 -1.06403676 -1.10465381 -1.03846954 -0.92571379 -0.97741863 -1.01139554
 -0.82963653 -0.97679711 -0.98784505 -0.84757646 -1.04394999 -0.90719073
 -0.95236403 -1.08553277 -1.00249172 -0.98225274 -0.94423521 -0.8029697
 -0.95688893 -0.89318122 -0.96617671 -0.74925902 -0.70442665 -0.57562789
 -0.38057547 -0.41252411 -0.46369261 -0.42429731 -0.47589055 -0.42429339
 -0.53591761 -0.39226971 -0.42791136 -0.43246335 -0.44690122 -0.53733583
 -0.63149809 -0.68058364 -0.43381974 -0.57053685 -0.57048818 -0.500785
 -0.57602196 -0.63137404 -0.65057909 -0.62919505 -0.58813644 -0.68889008
 -0.60838918 -0.54771281 -0.55511378 -0.47027228 -0.61522782 -0.62144238
 -0.37530981 -0.35688264 -0.34976449 -0.35054189 -0.31505806 -0.35655166
 -0.33554306 -0.31145869 -0.2947319  -0.30176638 -0.26740565 -0.26411604
 -0.25906064 -0.25875847 -0.22968603 -0.19738729 -0.19136205 -0.14994085
 -0.12877425 -0.08501503 -0.06266217 -0.01818397  0.06571476  0.07350663
  0.10122747  0.11385064  0.20832563  0.1890871   0.25538309  0.15717126
  0.12527904  0.18371458  0.13662549  0.20301335  0.27468235  0.28092071
  0.20423814  0.23497176  0.17665822  0.2120836   0.27988895  0.23459126
  0.32337585  0.23523336  0.29849524  0.35448958  0.35557762  0.31574573
  0.3169464   0.32455536  0.33309429  0.3578427   0.28391443  0.33886705
  0.30202127  0.3397774   0.35005304  0.35312875  0.35890241  0.37149669
  0.36226094  0.36403959  0.38049322  0.38967822  0.38720598  0.39384288
  0.40869972  0.39502012  0.41671103  0.4036671   0.42099077  0.43206599
  0.39832234  0.43259195  0.45119807  0.44665104  0.45838041  0.46164422
  0.49165946  0.49662367  0.49859335  0.5219981   0.49978399  0.57457804
  0.52366987  0.58548965  0.59092938  0.55414466  0.9330184   0.89231189
  0.74047376  0.74072524  0.95103981  0.93478617  0.9419699   0.7412775
  0.5478898   0.61106111  0.58808635  0.7422561   0.88815216  0.70247498
  0.87918158  0.70148482  0.76171651  1.01838767  1.00698483  1.02717098
  1.02771514  1.15159102  1.1274583   0.78941076  1.07112537  0.87681915
  0.57165065  0.50168844  0.50554172  0.51163002  0.69999817  0.68078175
  0.67714917  0.5254894   0.53146718  0.53340961  0.66547705  0.53821084
  0.57157703  0.91619743  0.77955664  0.78267381  0.56670707  0.78596917
  1.09552735  0.55982802  0.66270113  0.65911042  0.65543691  0.72541733
  0.80238511  0.64287926  0.5402397   0.80899624  0.64008656  0.6392862
  0.62632956  0.62470595  0.61929215  0.59739524  0.61834671  0.86599857
  0.6172632   0.70539194  0.52172176  0.72293711  0.8677152   0.5536976
  0.73632468  0.90085856  0.8685495   0.72545921  0.88436771  0.72831226
  0.81998814  0.8483969   0.72875524  0.85871356  0.82400932  0.80529467
  0.87390045  0.95656867  0.78788457  0.77629632  1.11650718  1.1567013
  0.77360285  0.75676366  1.11375232  0.61472194  0.79621156  0.59673862
  0.47620901  0.4729881   0.46664489  0.47025791  0.46592697  0.46074759
  0.45966279  0.45275098  0.45502775  0.42932129  0.4275457   0.36651451
  0.30310511  0.23532693  0.33411655  0.21105194  0.09897092  0.05712982
  0.03949307 -0.09365796 -0.0950346   0.02904579  0.04027862 -0.0301312
 -0.02104081 -0.07382066 -0.09809802 -0.11563174 -0.1227394  -0.13569061
 -0.18500266 -0.15056993 -0.14582203 -0.18520685 -0.18864092 -0.19196116
 -0.23272813 -0.24101105 -0.271218   -0.28696711 -0.33012357 -0.36789132
 -0.37837812 -0.38008029 -0.40306918 -0.41434299 -0.42941106 -0.62601181
 -0.72967169 -0.74773182 -0.73476758 -0.76118281 -0.75710771 -0.79682304
 -0.96277772 -1.05657829 -1.17683099 -1.18149864 -1.18844333 -1.21363268
 -1.21736924 -1.24882991 -1.27291605 -1.28040076 -1.29781835 -1.31204055
 -1.32730879 -1.33162085 -1.35671771 -1.36825374 -1.37748913 -1.37897682
 -1.3836591  -1.39376847 -1.43678634 -1.52147156 -1.68573193 -1.4516567
 -1.43005713 -1.43716722 -1.52513132 -1.4516987  -1.54103751 -1.55630173
 -1.64161845 -1.66891419 -1.68059059 -1.68079857 -1.68536622 -1.74988638
 -1.72772812 -1.5061661  -1.52374635]"
